Time,Driver,DriverNumber,LapTime,LapNumber,Stint,PitOutTime,PitInTime,Sector1Time,Sector2Time,Sector3Time,Sector1SessionTime,Sector2SessionTime,Sector3SessionTime,SpeedI1,SpeedI2,SpeedFL,SpeedST,IsPersonalBest,Compound,TyreLife,FreshTyre,Team,LapStartTime,LapStartDate,TrackStatus,Position,Deleted,DeletedReason,FastF1Generated,IsAccurate
0 days 00:21:55.420000,PIA,81,,1.0,1.0,0 days 00:20:10.638000,,,0 days 00:00:30.093000,0 days 00:00:25.033000,,0 days 00:21:30.482000,0 days 00:21:55.420000,277.0,257.0,317.0,,False,SOFT,1.0,True,McLaren,0 days 00:20:10.638000,,1,,False,,False,False
0 days 00:23:05.047000,PIA,81,0 days 00:01:09.627000,2.0,1.0,,,0 days 00:00:23.787000,0 days 00:00:24.819000,0 days 00:00:21.021000,0 days 00:22:19.207000,0 days 00:22:44.026000,0 days 00:23:05.047000,289.0,280.0,321.0,326.0,True,SOFT,2.0,True,McLaren,0 days 00:21:55.420000,,1,,False,,False,True
0 days 00:24:48.383000,PIA,81,0 days 00:01:43.336000,3.0,1.0,,0 days 00:24:47.260000,0 days 00:00:32.492000,0 days 00:00:39.429000,0 days 00:00:31.415000,0 days 00:23:37.539000,0 days 00:24:16.968000,0 days 00:24:48.383000,237.0,129.0,,243.0,False,SOFT,3.0,True,McLaren,0 days 00:23:05.047000,,1,,False,,False,False
0 days 00:29:16.825000,PIA,81,,4.0,2.0,0 days 00:27:44.730000,,,0 days 00:00:32.941000,0 days 00:00:23.559000,,0 days 00:28:53.286000,0 days 00:29:16.973000,278.0,253.0,317.0,,False,SOFT,4.0,False,McLaren,0 days 00:24:48.383000,,1,,False,,False,False
0 days 00:30:26.163000,PIA,81,0 days 00:01:09.338000,5.0,2.0,,,0 days 00:00:23.684000,0 days 00:00:24.593000,0 days 00:00:21.061000,0 days 00:29:40.509000,0 days 00:30:05.102000,0 days 00:30:26.163000,290.0,281.0,321.0,325.0,True,SOFT,5.0,False,McLaren,0 days 00:29:16.825000,,1,,False,,False,True
0 days 00:32:09.911000,PIA,81,0 days 00:01:43.748000,6.0,2.0,,0 days 00:32:08.665000,0 days 00:00:36.777000,0 days 00:00:36.446000,0 days 00:00:30.525000,0 days 00:31:02.940000,0 days 00:31:39.386000,0 days 00:32:09.911000,208.0,225.0,,252.0,False,SOFT,6.0,False,McLaren,0 days 00:30:26.163000,,1,,False,,False,False
0 days 00:46:16.618000,PIA,81,,7.0,3.0,0 days 00:44:24.659000,,,0 days 00:00:30.569000,0 days 00:00:28.864000,,0 days 00:45:47.834000,0 days 00:46:16.618000,235.0,246.0,319.0,,False,SOFT,1.0,True,McLaren,0 days 00:32:09.911000,,12,,False,,False,False
0 days 00:47:25.582000,PIA,81,0 days 00:01:08.964000,8.0,3.0,,,0 days 00:00:23.590000,0 days 00:00:24.517000,0 days 00:00:20.857000,0 days 00:46:40.208000,0 days 00:47:04.725000,0 days 00:47:25.582000,289.0,281.0,320.0,329.0,True,SOFT,2.0,True,McLaren,0 days 00:46:16.618000,,1,,False,,False,True
0 days 00:49:00.097000,PIA,81,0 days 00:01:34.515000,9.0,3.0,,0 days 00:48:58.852000,0 days 00:00:32.934000,0 days 00:00:31.631000,0 days 00:00:29.950000,0 days 00:47:58.516000,0 days 00:48:30.147000,0 days 00:49:00.097000,213.0,225.0,,246.0,False,SOFT,3.0,True,McLaren,0 days 00:47:25.582000,,1,,False,,False,False
0 days 00:53:29.522000,PIA,81,,10.0,4.0,0 days 00:51:47.051000,,,0 days 00:00:34.021000,0 days 00:00:23.187000,,0 days 00:53:06.349000,0 days 00:53:29.630000,167.0,255.0,318.0,,False,SOFT,4.0,False,McLaren,0 days 00:49:00.097000,,1,,False,,False,False
0 days 00:54:39.020000,PIA,81,0 days 00:01:09.498000,11.0,4.0,,,0 days 00:00:23.646000,0 days 00:00:24.722000,0 days 00:00:21.130000,0 days 00:53:53.168000,0 days 00:54:17.890000,0 days 00:54:39.020000,289.0,282.0,319.0,327.0,False,SOFT,5.0,False,McLaren,0 days 00:53:29.522000,,1,,False,,False,True
0 days 00:56:14.133000,PIA,81,0 days 00:01:35.113000,12.0,4.0,,0 days 00:56:12.863000,0 days 00:00:31.477000,0 days 00:00:32.096000,0 days 00:00:31.540000,0 days 00:55:10.497000,0 days 00:55:42.593000,0 days 00:56:14.133000,213.0,207.0,,239.0,False,SOFT,6.0,False,McLaren,0 days 00:54:39.020000,,1,,False,,False,False
0 days 01:03:50.836000,PIA,81,,13.0,5.0,0 days 01:02:25.111000,,,0 days 00:00:30.738000,0 days 00:00:22.923000,,0 days 01:03:27.977000,0 days 01:03:50.836000,277.0,267.0,316.0,,False,SOFT,1.0,True,McLaren,0 days 00:56:14.133000,,1,,False,,False,False
0 days 01:04:59.498000,PIA,81,0 days 00:01:08.662000,14.0,5.0,,,0 days 00:00:23.367000,0 days 00:00:24.476000,0 days 00:00:20.819000,0 days 01:04:14.203000,0 days 01:04:38.679000,0 days 01:04:59.498000,289.0,282.0,322.0,325.0,True,SOFT,2.0,True,McLaren,0 days 01:03:50.836000,,1,,False,,False,True
0 days 01:06:36.761000,PIA,81,0 days 00:01:37.263000,15.0,5.0,,0 days 01:06:35.549000,0 days 00:00:34.461000,0 days 00:00:29.674000,0 days 00:00:33.128000,0 days 01:05:33.959000,0 days 01:06:03.633000,0 days 01:06:36.761000,241.0,238.0,,234.0,False,SOFT,3.0,True,McLaren,0 days 01:04:59.498000,,1,,False,,False,False
0 days 01:12:29.846000,PIA,81,,16.0,6.0,0 days 01:10:49.270000,,,0 days 00:00:30.600000,0 days 00:00:22.791000,,0 days 01:12:07.146000,0 days 01:12:30.040000,281.0,266.0,318.0,,False,SOFT,1.0,True,McLaren,0 days 01:06:36.761000,,1,,False,,False,False
0 days 01:13:38.600000,PIA,81,0 days 00:01:08.754000,17.0,6.0,,,0 days 00:00:23.358000,0 days 00:00:24.431000,0 days 00:00:20.965000,0 days 01:12:53.204000,0 days 01:13:17.635000,0 days 01:13:38.600000,290.0,280.0,319.0,326.0,False,SOFT,2.0,True,McLaren,0 days 01:12:29.846000,,1,,False,,False,True
0 days 01:15:22.904000,PIA,81,0 days 00:01:44.304000,18.0,6.0,,0 days 01:15:19.385000,0 days 00:00:34.019000,0 days 00:00:32.071000,0 days 00:00:38.214000,0 days 01:14:12.619000,0 days 01:14:44.690000,0 days 01:15:22.904000,152.0,212.0,,241.0,False,SOFT,3.0,True,McLaren,0 days 01:13:38.600000,,1,,False,,False,False
0 days 00:21:47.176000,NOR,4,,1.0,1.0,0 days 00:20:01.966000,,,0 days 00:00:29.206000,0 days 00:00:28.279000,,0 days 00:21:19.045000,0 days 00:21:47.201000,247.0,261.0,317.0,,False,SOFT,1.0,True,McLaren,0 days 00:20:01.966000,,1,,False,,False,False
0 days 00:22:56.645000,NOR,4,0 days 00:01:09.469000,2.0,1.0,,,0 days 00:00:23.646000,0 days 00:00:24.735000,0 days 00:00:21.088000,0 days 00:22:10.822000,0 days 00:22:35.557000,0 days 00:22:56.645000,289.0,279.0,321.0,326.0,True,SOFT,2.0,True,McLaren,0 days 00:21:47.176000,,1,,False,,False,True
0 days 00:24:34.250000,NOR,4,0 days 00:01:37.605000,3.0,1.0,,0 days 00:24:32.915000,0 days 00:00:33.567000,0 days 00:00:32.239000,0 days 00:00:31.799000,0 days 00:23:30.212000,0 days 00:24:02.451000,0 days 00:24:34.250000,230.0,138.0,,263.0,False,SOFT,3.0,True,McLaren,0 days 00:22:56.645000,,1,,False,,False,False
0 days 00:29:05.383000,NOR,4,,4.0,2.0,0 days 00:27:39.291000,,,0 days 00:00:30.856000,0 days 00:00:23.114000,,0 days 00:28:42.291000,0 days 00:29:05.640000,214.0,260.0,317.0,,False,SOFT,4.0,False,McLaren,0 days 00:24:34.250000,,1,,False,,False,False
0 days 00:30:15.102000,NOR,4,0 days 00:01:09.719000,5.0,2.0,,,0 days 00:00:23.806000,0 days 00:00:24.820000,0 days 00:00:21.093000,0 days 00:29:29.189000,0 days 00:29:54.009000,0 days 00:30:15.102000,291.0,282.0,322.0,325.0,False,SOFT,5.0,False,McLaren,0 days 00:29:05.383000,,1,,False,,False,True
0 days 00:31:52.062000,NOR,4,0 days 00:01:36.960000,6.0,2.0,,0 days 00:31:49.008000,0 days 00:00:32.194000,0 days 00:00:32.220000,0 days 00:00:32.546000,0 days 00:30:47.296000,0 days 00:31:19.516000,0 days 00:31:52.062000,212.0,131.0,,264.0,False,SOFT,6.0,False,McLaren,0 days 00:30:15.102000,,1,,False,,False,False
0 days 00:45:24.644000,NOR,4,,7.0,3.0,0 days 00:43:37.115000,,,0 days 00:00:32.545000,0 days 00:00:22.145000,,0 days 00:45:02.588000,0 days 00:45:24.644000,258.0,261.0,319.0,,False,SOFT,1.0,True,McLaren,0 days 00:31:52.062000,,12,,False,,False,False
0 days 00:46:33.518000,NOR,4,0 days 00:01:08.874000,8.0,3.0,,,0 days 00:00:23.474000,0 days 00:00:24.555000,0 days 00:00:20.845000,0 days 00:45:48.118000,0 days 00:46:12.673000,0 days 00:46:33.518000,291.0,282.0,321.0,328.0,True,SOFT,2.0,True,McLaren,0 days 00:45:24.644000,,1,,False,,False,True
0 days 00:48:08.009000,NOR,4,0 days 00:01:34.491000,9.0,3.0,,0 days 00:48:06.541000,0 days 00:00:29.322000,0 days 00:00:33.507000,0 days 00:00:31.662000,0 days 00:47:02.840000,0 days 00:47:36.347000,0 days 00:48:08.009000,236.0,138.0,,258.0,False,SOFT,3.0,True,McLaren,0 days 00:46:33.518000,,1,,False,,False,False
0 days 00:51:38.402000,NOR,4,,10.0,4.0,0 days 00:50:08.347000,,,0 days 00:00:33.183000,0 days 00:00:23.239000,,0 days 00:51:15.317000,0 days 00:51:38.706000,278.0,253.0,317.0,,False,SOFT,4.0,False,McLaren,0 days 00:48:08.009000,,1,,False,,False,False
0 days 00:52:47.837000,NOR,4,0 days 00:01:09.435000,11.0,4.0,,,0 days 00:00:23.646000,0 days 00:00:24.784000,0 days 00:00:21.005000,0 days 00:52:02.048000,0 days 00:52:26.832000,0 days 00:52:47.837000,288.0,281.0,320.0,325.0,False,SOFT,5.0,False,McLaren,0 days 00:51:38.402000,,1,,False,,False,True
0 days 00:54:28.563000,NOR,4,0 days 00:01:40.726000,12.0,4.0,,0 days 00:54:27.192000,0 days 00:00:31.777000,0 days 00:00:31.875000,0 days 00:00:37.074000,0 days 00:53:19.614000,0 days 00:53:51.489000,0 days 00:54:28.563000,220.0,192.0,,146.0,False,SOFT,6.0,False,McLaren,0 days 00:52:47.837000,,1,,False,,False,False
0 days 01:04:02.367000,NOR,4,,13.0,5.0,0 days 01:02:34.288000,,,0 days 00:00:30.277000,0 days 00:00:22.489000,,0 days 01:03:40.055000,0 days 01:04:02.367000,271.0,255.0,318.0,,False,SOFT,1.0,True,McLaren,0 days 00:54:28.563000,,1,,False,,False,False
0 days 01:05:11.041000,NOR,4,0 days 00:01:08.674000,14.0,5.0,,,0 days 00:00:23.386000,0 days 00:00:24.394000,0 days 00:00:20.894000,0 days 01:04:25.753000,0 days 01:04:50.147000,0 days 01:05:11.041000,290.0,283.0,322.0,326.0,True,SOFT,2.0,True,McLaren,0 days 01:04:02.367000,,1,,False,,False,True
0 days 01:06:44.664000,NOR,4,0 days 00:01:33.623000,15.0,5.0,,0 days 01:06:43.485000,0 days 00:00:33.129000,0 days 00:00:30.832000,0 days 00:00:29.662000,0 days 01:05:44.170000,0 days 01:06:15.002000,0 days 01:06:44.664000,172.0,196.0,,258.0,False,SOFT,3.0,True,McLaren,0 days 01:05:11.041000,,1,,False,,False,False
0 days 01:12:16.908000,NOR,4,,16.0,6.0,0 days 01:10:46.601000,,,0 days 00:00:30.738000,0 days 00:00:22.312000,,0 days 01:11:54.634000,0 days 01:12:17.103000,277.0,256.0,317.0,,False,SOFT,1.0,True,McLaren,0 days 01:06:44.664000,,1,,False,,False,False
0 days 01:13:25.658000,NOR,4,0 days 00:01:08.750000,17.0,6.0,,,0 days 00:00:23.439000,0 days 00:00:24.383000,0 days 00:00:20.928000,0 days 01:12:40.347000,0 days 01:13:04.730000,0 days 01:13:25.658000,289.0,281.0,318.0,325.0,False,SOFT,2.0,True,McLaren,0 days 01:12:16.908000,,1,,False,,False,True
0 days 01:15:06.603000,NOR,4,0 days 00:01:40.945000,18.0,6.0,,0 days 01:15:04.119000,0 days 00:00:35.229000,0 days 00:00:33.626000,0 days 00:00:32.090000,0 days 01:14:00.887000,0 days 01:14:34.513000,0 days 01:15:06.603000,208.0,240.0,,245.0,False,SOFT,3.0,True,McLaren,0 days 01:13:25.658000,,1,,False,,False,False
0 days 00:19:30.581000,VER,1,,1.0,1.0,0 days 00:18:01.846000,,,0 days 00:00:31.949000,0 days 00:00:23.094000,,0 days 00:19:07.522000,0 days 00:19:30.607000,189.0,255.0,317.0,,False,SOFT,1.0,True,Red Bull Racing,0 days 00:18:01.846000,,12,,False,,False,False
0 days 00:20:40.335000,VER,1,0 days 00:01:09.754000,2.0,1.0,,,0 days 00:00:23.976000,0 days 00:00:24.633000,0 days 00:00:21.145000,0 days 00:19:54.557000,0 days 00:20:19.190000,0 days 00:20:40.335000,289.0,281.0,321.0,327.0,True,SOFT,2.0,True,Red Bull Racing,0 days 00:19:30.581000,,1,,False,,False,True
0 days 00:22:20.904000,VER,1,0 days 00:01:40.569000,3.0,1.0,,0 days 00:22:19.686000,0 days 00:00:35.502000,0 days 00:00:34.904000,0 days 00:00:30.163000,0 days 00:21:15.837000,0 days 00:21:50.741000,0 days 00:22:20.904000,193.0,189.0,,235.0,False,SOFT,3.0,True,Red Bull Racing,0 days 00:20:40.335000,,1,,False,,False,False
0 days 00:29:41.648000,VER,1,,4.0,2.0,0 days 00:27:53.501000,,,0 days 00:00:33.095000,0 days 00:00:22.849000,,0 days 00:29:18.891000,0 days 00:29:41.852000,177.0,257.0,318.0,,False,SOFT,4.0,False,Red Bull Racing,0 days 00:22:20.904000,,1,,False,,False,False
0 days 00:30:51.344000,VER,1,0 days 00:01:09.696000,5.0,2.0,,,0 days 00:00:23.817000,0 days 00:00:24.708000,0 days 00:00:21.171000,0 days 00:30:05.465000,0 days 00:30:30.173000,0 days 00:30:51.344000,291.0,281.0,321.0,328.0,True,SOFT,5.0,False,Red Bull Racing,0 days 00:29:41.648000,,1,,False,,False,True
0 days 00:32:26.022000,VER,1,0 days 00:01:34.678000,6.0,2.0,,0 days 00:32:24.868000,0 days 00:00:31.532000,0 days 00:00:35.117000,0 days 00:00:28.029000,0 days 00:31:22.876000,0 days 00:31:57.993000,0 days 00:32:26.022000,204.0,213.0,,265.0,False,SOFT,6.0,False,Red Bull Racing,0 days 00:30:51.344000,,1,,False,,False,False
0 days 00:44:09.889000,VER,1,,7.0,3.0,0 days 00:42:33.508000,,,0 days 00:00:33.016000,0 days 00:00:22.373000,,0 days 00:43:47.540000,0 days 00:44:09.893000,194.0,258.0,320.0,,False,SOFT,1.0,True,Red Bull Racing,0 days 00:32:26.022000,,12,,False,,False,False
0 days 00:45:19.011000,VER,1,0 days 00:01:09.122000,8.0,3.0,,,0 days 00:00:23.599000,0 days 00:00:24.547000,0 days 00:00:20.976000,0 days 00:44:33.488000,0 days 00:44:58.035000,0 days 00:45:19.011000,292.0,281.0,319.0,329.0,True,SOFT,2.0,True,Red Bull Racing,0 days 00:44:09.889000,,1,,False,,False,True
0 days 00:46:57.925000,VER,1,0 days 00:01:38.914000,9.0,3.0,,0 days 00:46:54.869000,0 days 00:00:33.829000,0 days 00:00:34.779000,0 days 00:00:30.306000,0 days 00:45:52.840000,0 days 00:46:27.619000,0 days 00:46:57.925000,197.0,250.0,,235.0,False,SOFT,3.0,True,Red Bull Racing,0 days 00:45:19.011000,,1,,False,,False,False
0 days 00:52:30.706000,VER,1,,10.0,4.0,0 days 00:50:23.907000,,,0 days 00:00:35.634000,0 days 00:00:23.042000,,0 days 00:52:07.694000,0 days 00:52:30.957000,183.0,249.0,318.0,,False,SOFT,4.0,False,Red Bull Racing,0 days 00:46:57.925000,,1,,False,,False,False
0 days 00:53:40.042000,VER,1,0 days 00:01:09.336000,11.0,4.0,,,0 days 00:00:23.740000,0 days 00:00:24.540000,0 days 00:00:21.056000,0 days 00:52:54.446000,0 days 00:53:18.986000,0 days 00:53:40.042000,291.0,281.0,322.0,327.0,False,SOFT,5.0,False,Red Bull Racing,0 days 00:52:30.706000,,1,,False,,False,True
0 days 00:55:17.109000,VER,1,0 days 00:01:37.067000,12.0,4.0,,0 days 00:55:15.911000,0 days 00:00:33.457000,0 days 00:00:34.168000,0 days 00:00:29.442000,0 days 00:54:13.499000,0 days 00:54:47.667000,0 days 00:55:17.109000,192.0,231.0,,235.0,False,SOFT,6.0,False,Red Bull Racing,0 days 00:53:40.042000,,1,,False,,False,False
0 days 01:06:11.763000,VER,1,,13.0,5.0,0 days 01:04:42.807000,,,0 days 00:00:33.271000,0 days 00:00:22.473000,,0 days 01:05:49.290000,0 days 01:06:11.820000,181.0,258.0,321.0,,False,SOFT,1.0,True,Red Bull Racing,0 days 00:55:17.109000,,1,,False,,False,False
0 days 01:07:20.811000,VER,1,0 days 00:01:09.048000,14.0,5.0,,,0 days 00:00:23.620000,0 days 00:00:24.423000,0 days 00:00:21.005000,0 days 01:06:35.383000,0 days 01:06:59.806000,0 days 01:07:20.811000,291.0,281.0,321.0,330.0,True,SOFT,2.0,True,Red Bull Racing,0 days 01:06:11.763000,,1,,False,,False,True
0 days 01:08:42.895000,VER,1,0 days 00:01:22.084000,15.0,5.0,,0 days 01:08:41.636000,0 days 00:00:27.524000,0 days 00:00:27.968000,0 days 00:00:26.592000,0 days 01:07:48.335000,0 days 01:08:16.303000,0 days 01:08:42.895000,262.0,244.0,,249.0,False,SOFT,3.0,True,Red Bull Racing,0 days 01:07:20.811000,,1,,False,,False,False
0 days 01:14:09.694000,VER,1,,16.0,6.0,0 days 01:12:41.681000,,,0 days 00:00:33.437000,0 days 00:00:22.214000,,0 days 01:13:47.569000,0 days 01:14:09.916000,204.0,224.0,323.0,,False,SOFT,1.0,True,Red Bull Racing,0 days 01:08:42.895000,,1,,False,,False,False
0 days 01:15:18.619000,VER,1,0 days 00:01:08.925000,17.0,6.0,,,0 days 00:00:23.648000,0 days 00:00:24.365000,0 days 00:00:20.912000,0 days 01:14:33.342000,0 days 01:14:57.707000,0 days 01:15:18.619000,291.0,281.0,322.0,331.0,True,SOFT,2.0,True,Red Bull Racing,0 days 01:14:09.694000,,1,,False,,False,True
0 days 01:17:11.694000,VER,1,0 days 00:01:53.075000,18.0,6.0,,0 days 01:17:07.838000,0 days 00:00:38.683000,0 days 00:00:33.037000,0 days 00:00:41.355000,0 days 01:15:57.302000,0 days 01:16:30.339000,0 days 01:17:11.694000,169.0,230.0,,251.0,False,SOFT,3.0,True,Red Bull Racing,0 days 01:15:18.619000,,12,,False,,False,False
0 days 00:22:23.955000,HAD,6,,1.0,1.0,0 days 00:20:37.357000,,,0 days 00:00:35.392000,0 days 00:00:24.065000,,0 days 00:22:00.029000,0 days 00:22:23.984000,270.0,260.0,318.0,,False,SOFT,1.0,True,Racing Bulls,0 days 00:20:37.357000,,1,,False,,False,False
0 days 00:23:34.061000,HAD,6,0 days 00:01:10.106000,2.0,1.0,,,0 days 00:00:24.040000,0 days 00:00:24.836000,0 days 00:00:21.230000,0 days 00:22:47.995000,0 days 00:23:12.831000,0 days 00:23:34.061000,288.0,278.0,320.0,327.0,True,SOFT,2.0,True,Racing Bulls,0 days 00:22:23.955000,,1,,False,,False,True
0 days 00:25:10.643000,HAD,6,0 days 00:01:36.582000,3.0,1.0,,0 days 00:25:09.445000,0 days 00:00:31.948000,0 days 00:00:32.250000,0 days 00:00:32.384000,0 days 00:24:06.009000,0 days 00:24:38.259000,0 days 00:25:10.643000,259.0,143.0,,259.0,False,SOFT,3.0,True,Racing Bulls,0 days 00:23:34.061000,,1,,False,,False,False
0 days 00:30:07.035000,HAD,6,,4.0,2.0,0 days 00:28:03.814000,,,0 days 00:00:33.647000,0 days 00:00:23.790000,,0 days 00:29:43.352000,0 days 00:30:07.196000,220.0,256.0,319.0,,False,SOFT,1.0,True,Racing Bulls,0 days 00:25:10.643000,,1,,False,,False,False
0 days 00:31:17.001000,HAD,6,0 days 00:01:09.966000,5.0,2.0,,,0 days 00:00:23.977000,0 days 00:00:24.803000,0 days 00:00:21.186000,0 days 00:30:31.012000,0 days 00:30:55.815000,0 days 00:31:17.001000,289.0,280.0,320.0,327.0,True,SOFT,2.0,True,Racing Bulls,0 days 00:30:07.035000,,1,,False,,False,True
0 days 00:32:58.592000,HAD,6,0 days 00:01:41.591000,6.0,2.0,,0 days 00:32:57.250000,0 days 00:00:33.741000,0 days 00:00:35.391000,0 days 00:00:32.459000,0 days 00:31:50.742000,0 days 00:32:26.133000,0 days 00:32:58.592000,220.0,220.0,,137.0,False,SOFT,3.0,True,Racing Bulls,0 days 00:31:17.001000,,1,,False,,False,False
0 days 00:45:49.528000,HAD,6,,7.0,3.0,0 days 00:43:53.596000,,,0 days 00:00:33.756000,0 days 00:00:23.072000,,0 days 00:45:26.456000,0 days 00:45:49.605000,214.0,259.0,320.0,,False,SOFT,1.0,True,Racing Bulls,0 days 00:32:58.592000,,12,,False,,False,False
0 days 00:46:59.043000,HAD,6,0 days 00:01:09.515000,8.0,3.0,,,0 days 00:00:23.783000,0 days 00:00:24.692000,0 days 00:00:21.040000,0 days 00:46:13.311000,0 days 00:46:38.003000,0 days 00:46:59.043000,289.0,279.0,320.0,329.0,True,SOFT,2.0,True,Racing Bulls,0 days 00:45:49.528000,,1,,False,,False,True
0 days 00:48:30.122000,HAD,6,0 days 00:01:31.079000,9.0,3.0,,0 days 00:48:28.865000,0 days 00:00:28.472000,0 days 00:00:31.446000,0 days 00:00:31.161000,0 days 00:47:27.515000,0 days 00:47:58.961000,0 days 00:48:30.122000,254.0,225.0,,285.0,False,SOFT,3.0,True,Racing Bulls,0 days 00:46:59.043000,,1,,False,,False,False
0 days 00:53:07.535000,HAD,6,,10.0,4.0,0 days 00:51:08.941000,,,0 days 00:00:36.168000,0 days 00:00:23.029000,,0 days 00:52:44.522000,0 days 00:53:07.677000,202.0,263.0,321.0,,False,SOFT,1.0,True,Racing Bulls,0 days 00:48:30.122000,,1,,False,,False,False
0 days 00:54:16.974000,HAD,6,0 days 00:01:09.439000,11.0,4.0,,,0 days 00:00:23.749000,0 days 00:00:24.701000,0 days 00:00:20.989000,0 days 00:53:31.284000,0 days 00:53:55.985000,0 days 00:54:16.974000,288.0,281.0,320.0,329.0,True,SOFT,2.0,True,Racing Bulls,0 days 00:53:07.535000,,1,,False,,False,True
0 days 00:55:53.566000,HAD,6,0 days 00:01:36.592000,12.0,4.0,,0 days 00:55:52.327000,0 days 00:00:32.439000,0 days 00:00:33.468000,0 days 00:00:30.685000,0 days 00:54:49.413000,0 days 00:55:22.881000,0 days 00:55:53.566000,220.0,193.0,,292.0,False,SOFT,3.0,True,Racing Bulls,0 days 00:54:16.974000,,1,,False,,False,False
0 days 01:04:56.987000,HAD,6,,13.0,5.0,0 days 01:03:05.866000,,,0 days 00:00:33.221000,0 days 00:00:22.723000,,0 days 01:04:34.413000,0 days 01:04:57.054000,206.0,263.0,318.0,,False,SOFT,4.0,False,Racing Bulls,0 days 00:55:53.566000,,1,,False,,False,False
0 days 01:06:06.710000,HAD,6,0 days 00:01:09.723000,14.0,5.0,,,0 days 00:00:23.813000,0 days 00:00:24.785000,0 days 00:00:21.125000,0 days 01:05:20.800000,0 days 01:05:45.585000,0 days 01:06:06.710000,289.0,280.0,319.0,327.0,True,SOFT,5.0,False,Racing Bulls,0 days 01:04:56.987000,,1,,False,,False,True
0 days 01:07:40.670000,HAD,6,0 days 00:01:33.960000,15.0,5.0,,0 days 01:07:39.476000,0 days 00:00:32.988000,0 days 00:00:30.691000,0 days 00:00:30.281000,0 days 01:06:39.698000,0 days 01:07:10.389000,0 days 01:07:40.670000,264.0,231.0,,286.0,False,SOFT,6.0,False,Racing Bulls,0 days 01:06:06.710000,,1,,False,,False,False
0 days 01:14:00.959000,HAD,6,,16.0,6.0,0 days 01:12:21.400000,,,0 days 00:00:35.583000,0 days 00:00:23.057000,,0 days 01:13:37.916000,0 days 01:14:01.131000,215.0,259.0,319.0,,False,SOFT,1.0,True,Racing Bulls,0 days 01:07:40.670000,,1,,False,,False,False
0 days 01:15:10.167000,HAD,6,0 days 00:01:09.208000,17.0,6.0,,,0 days 00:00:23.691000,0 days 00:00:24.565000,0 days 00:00:20.952000,0 days 01:14:24.650000,0 days 01:14:49.215000,0 days 01:15:10.167000,291.0,280.0,320.0,328.0,True,SOFT,2.0,True,Racing Bulls,0 days 01:14:00.959000,,1,,False,,False,True
0 days 01:17:33.979000,HAD,6,,18.0,6.0,,0 days 01:17:33.979000,0 days 00:00:32.833000,0 days 00:00:32.584000,,0 days 01:15:43.135000,0 days 01:16:15.666000,,215.0,223.0,,291.0,False,SOFT,3.0,True,Racing Bulls,0 days 01:15:10.167000,,12,,False,,False,False
0 days 00:21:28.437000,RUS,63,,1.0,1.0,0 days 00:19:54.513000,,,0 days 00:00:36.693000,0 days 00:00:23.486000,,0 days 00:21:04.951000,0 days 00:21:28.482000,247.0,237.0,318.0,,False,SOFT,1.0,True,Mercedes,0 days 00:19:54.513000,,1,,False,,False,False
0 days 00:22:38.492000,RUS,63,0 days 00:01:10.055000,2.0,1.0,,,0 days 00:00:24.101000,0 days 00:00:24.748000,0 days 00:00:21.206000,0 days 00:21:52.538000,0 days 00:22:17.286000,0 days 00:22:38.492000,286.0,281.0,319.0,326.0,True,SOFT,2.0,True,Mercedes,0 days 00:21:28.437000,,1,,False,,False,True
0 days 00:24:23.329000,RUS,63,0 days 00:01:44.837000,3.0,1.0,,0 days 00:24:20.860000,0 days 00:00:38.113000,0 days 00:00:36.285000,0 days 00:00:30.439000,0 days 00:23:16.605000,0 days 00:23:52.890000,0 days 00:24:23.329000,199.0,125.0,,177.0,False,SOFT,3.0,True,Mercedes,0 days 00:22:38.492000,,1,,False,,False,False
0 days 00:29:29.292000,RUS,63,,4.0,2.0,0 days 00:27:49.814000,,,0 days 00:00:33.696000,0 days 00:00:22.804000,,0 days 00:29:06.593000,0 days 00:29:29.514000,253.0,257.0,318.0,,False,SOFT,1.0,True,Mercedes,0 days 00:24:23.329000,,1,,False,,False,False
0 days 00:30:38.968000,RUS,63,0 days 00:01:09.676000,5.0,2.0,,,0 days 00:00:23.692000,0 days 00:00:24.865000,0 days 00:00:21.119000,0 days 00:29:52.984000,0 days 00:30:17.849000,0 days 00:30:38.968000,289.0,280.0,319.0,328.0,True,SOFT,2.0,True,Mercedes,0 days 00:29:29.292000,,1,,False,,False,True
0 days 00:32:19.645000,RUS,63,0 days 00:01:40.677000,6.0,2.0,,0 days 00:32:18.477000,0 days 00:00:35.025000,0 days 00:00:34.707000,0 days 00:00:30.945000,0 days 00:31:13.993000,0 days 00:31:48.700000,0 days 00:32:19.645000,218.0,239.0,,236.0,False,SOFT,3.0,True,Mercedes,0 days 00:30:38.968000,,1,,False,,False,False
0 days 00:44:01.968000,RUS,63,,7.0,3.0,0 days 00:42:27.773000,,,0 days 00:00:36.258000,0 days 00:00:22.990000,,0 days 00:43:39.037000,0 days 00:44:02.206000,221.0,244.0,316.0,,False,SOFT,4.0,False,Mercedes,0 days 00:32:19.645000,,12,,False,,False,False
0 days 00:45:11.604000,RUS,63,0 days 00:01:09.636000,8.0,3.0,,,0 days 00:00:23.770000,0 days 00:00:24.737000,0 days 00:00:21.129000,0 days 00:44:25.738000,0 days 00:44:50.475000,0 days 00:45:11.604000,289.0,281.0,322.0,324.0,True,SOFT,5.0,False,Mercedes,0 days 00:44:01.968000,,1,,False,,False,True
0 days 00:46:40.971000,RUS,63,0 days 00:01:29.367000,9.0,3.0,,0 days 00:46:39.759000,0 days 00:00:29.401000,0 days 00:00:31.174000,0 days 00:00:28.792000,0 days 00:45:41.005000,0 days 00:46:12.179000,0 days 00:46:40.971000,262.0,136.0,,241.0,False,SOFT,6.0,False,Mercedes,0 days 00:45:11.604000,,1,,False,,False,False
0 days 00:51:53.817000,RUS,63,,10.0,4.0,0 days 00:50:15.021000,,,0 days 00:00:35.177000,0 days 00:00:22.608000,,0 days 00:51:31.357000,0 days 00:51:54.099000,219.0,249.0,317.0,,False,SOFT,1.0,True,Mercedes,0 days 00:46:40.971000,,1,,False,,False,False
0 days 00:53:03.130000,RUS,63,0 days 00:01:09.313000,11.0,4.0,,,0 days 00:00:23.738000,0 days 00:00:24.573000,0 days 00:00:21.002000,0 days 00:52:17.555000,0 days 00:52:42.128000,0 days 00:53:03.130000,287.0,282.0,321.0,325.0,True,SOFT,2.0,True,Mercedes,0 days 00:51:53.817000,,1,,False,,False,True
0 days 00:54:41.879000,RUS,63,0 days 00:01:38.749000,12.0,4.0,,0 days 00:54:40.724000,0 days 00:00:36.053000,0 days 00:00:33.626000,0 days 00:00:29.070000,0 days 00:53:39.183000,0 days 00:54:12.809000,0 days 00:54:41.879000,243.0,237.0,,224.0,False,SOFT,3.0,True,Mercedes,0 days 00:53:03.130000,,1,,False,,False,False
0 days 01:04:24.647000,RUS,63,,13.0,5.0,0 days 01:02:39.335000,,,0 days 00:00:36.914000,0 days 00:00:22.991000,,0 days 01:04:01.727000,0 days 01:04:24.647000,211.0,248.0,317.0,,False,SOFT,1.0,True,Mercedes,0 days 00:54:41.879000,,1,,False,,False,False
0 days 01:05:33.902000,RUS,63,0 days 00:01:09.255000,14.0,5.0,,,0 days 00:00:23.691000,0 days 00:00:24.542000,0 days 00:00:21.022000,0 days 01:04:48.338000,0 days 01:05:12.880000,0 days 01:05:33.902000,286.0,282.0,317.0,326.0,True,SOFT,2.0,True,Mercedes,0 days 01:04:24.647000,,1,,False,,False,True
0 days 01:07:08.544000,RUS,63,0 days 00:01:34.642000,15.0,5.0,,0 days 01:07:07.345000,0 days 00:00:35.301000,0 days 00:00:31.896000,0 days 00:00:27.445000,0 days 01:06:09.203000,0 days 01:06:41.099000,0 days 01:07:08.544000,238.0,238.0,,163.0,False,SOFT,3.0,True,Mercedes,0 days 01:05:33.902000,,1,,False,,False,False
0 days 01:13:49.546000,RUS,63,,16.0,6.0,0 days 01:12:10.231000,,,0 days 00:00:34.061000,0 days 00:00:22.927000,,0 days 01:13:26.650000,0 days 01:13:49.803000,165.0,257.0,319.0,,False,SOFT,1.0,True,Mercedes,0 days 01:07:08.544000,,1,,False,,False,False
0 days 01:14:58.880000,RUS,63,0 days 00:01:09.334000,17.0,6.0,,,0 days 00:00:23.642000,0 days 00:00:24.606000,0 days 00:00:21.086000,0 days 01:14:13.188000,0 days 01:14:37.794000,0 days 01:14:58.880000,290.0,281.0,320.0,328.0,False,SOFT,2.0,True,Mercedes,0 days 01:13:49.546000,,1,,False,,False,True
0 days 01:17:34.026000,RUS,63,,18.0,6.0,,0 days 01:17:34.026000,0 days 00:00:32.113000,0 days 00:00:33.512000,,0 days 01:15:30.978000,0 days 01:16:04.577000,,201.0,166.0,,245.0,False,SOFT,3.0,True,Mercedes,0 days 01:14:58.880000,,12,,False,,False,False
0 days 00:17:01.667000,LEC,16,,1.0,1.0,0 days 00:15:19.585000,,,0 days 00:00:30.477000,0 days 00:00:24.592000,,0 days 00:16:37.075000,0 days 00:17:01.717000,245.0,239.0,315.0,,False,SOFT,1.0,True,Ferrari,0 days 00:15:19.585000,,1,,False,,False,False
0 days 00:18:12.288000,LEC,16,0 days 00:01:10.621000,2.0,1.0,,,0 days 00:00:24.142000,0 days 00:00:25.031000,0 days 00:00:21.448000,0 days 00:17:25.809000,0 days 00:17:50.840000,0 days 00:18:12.288000,287.0,280.0,318.0,325.0,True,SOFT,2.0,True,Ferrari,0 days 00:17:01.667000,,1,,False,,False,True
0 days 00:19:49.159000,LEC,16,0 days 00:01:36.871000,3.0,1.0,,0 days 00:19:47.935000,0 days 00:00:31.719000,0 days 00:00:33.955000,0 days 00:00:31.197000,0 days 00:18:44.007000,0 days 00:19:17.962000,0 days 00:19:49.159000,215.0,239.0,,225.0,False,SOFT,3.0,True,Ferrari,0 days 00:18:12.288000,,12,,False,,False,False
0 days 00:24:17.022000,LEC,16,,4.0,2.0,0 days 00:22:20.920000,,,0 days 00:00:38.385000,0 days 00:00:25.117000,,0 days 00:23:51.972000,0 days 00:24:17.267000,271.0,127.0,317.0,,False,SOFT,4.0,False,Ferrari,0 days 00:19:49.159000,,1,,False,,False,False
0 days 00:25:27.409000,LEC,16,0 days 00:01:10.387000,5.0,2.0,,,0 days 00:00:24.077000,0 days 00:00:24.973000,0 days 00:00:21.337000,0 days 00:24:41.099000,0 days 00:25:06.072000,0 days 00:25:27.409000,287.0,280.0,319.0,328.0,True,SOFT,5.0,False,Ferrari,0 days 00:24:17.022000,,1,,False,,False,True
0 days 00:26:50.908000,LEC,16,0 days 00:01:23.499000,6.0,2.0,,0 days 00:26:49.607000,0 days 00:00:28.247000,0 days 00:00:28.144000,0 days 00:00:27.108000,0 days 00:25:55.656000,0 days 00:26:23.800000,0 days 00:26:50.908000,262.0,253.0,,275.0,False,SOFT,6.0,False,Ferrari,0 days 00:25:27.409000,,1,,False,,False,False
0 days 00:31:12.259000,LEC,16,,7.0,3.0,0 days 00:29:17.847000,,,0 days 00:00:32.010000,0 days 00:00:26.478000,,0 days 00:30:45.852000,0 days 00:31:12.556000,258.0,245.0,316.0,,False,SOFT,1.0,True,Ferrari,0 days 00:26:50.908000,,1,,False,,False,False
0 days 00:32:22.165000,LEC,16,0 days 00:01:09.906000,8.0,3.0,,,0 days 00:00:23.944000,0 days 00:00:24.821000,0 days 00:00:21.141000,0 days 00:31:36.203000,0 days 00:32:01.024000,0 days 00:32:22.165000,290.0,280.0,319.0,326.0,True,SOFT,2.0,True,Ferrari,0 days 00:31:12.259000,,1,,False,,False,True
0 days 00:34:00.128000,LEC,16,0 days 00:01:37.963000,9.0,3.0,,0 days 00:33:58.925000,0 days 00:00:29.204000,0 days 00:00:34.398000,0 days 00:00:34.361000,0 days 00:32:51.369000,0 days 00:33:25.767000,0 days 00:34:00.128000,216.0,159.0,,288.0,False,SOFT,3.0,True,Ferrari,0 days 00:32:22.165000,,1,,False,,False,False
0 days 00:41:01.427000,LEC,16,,10.0,4.0,0 days 00:39:27.704000,,,0 days 00:00:33.220000,0 days 00:00:23.923000,,0 days 00:40:37.617000,0 days 00:41:01.429000,210.0,244.0,315.0,,False,SOFT,4.0,False,Ferrari,0 days 00:34:00.128000,,12,,False,,False,False
0 days 00:42:11.461000,LEC,16,0 days 00:01:10.034000,11.0,4.0,,,0 days 00:00:23.948000,0 days 00:00:24.946000,0 days 00:00:21.140000,0 days 00:41:25.375000,0 days 00:41:50.321000,0 days 00:42:11.461000,287.0,279.0,318.0,324.0,True,SOFT,5.0,False,Ferrari,0 days 00:41:01.427000,,1,,False,,False,True
0 days 00:43:39.465000,LEC,16,0 days 00:01:28.004000,12.0,4.0,,0 days 00:43:37.990000,0 days 00:00:28.203000,0 days 00:00:29.238000,0 days 00:00:30.563000,0 days 00:42:39.664000,0 days 00:43:08.902000,0 days 00:43:39.465000,265.0,250.0,,263.0,False,SOFT,6.0,False,Ferrari,0 days 00:42:11.461000,,1,,False,,False,False
0 days 00:46:28.887000,LEC,16,,13.0,5.0,0 days 00:44:46.069000,,,0 days 00:00:30.987000,0 days 00:00:23.267000,,0 days 00:46:05.695000,0 days 00:46:29.165000,258.0,250.0,317.0,,False,SOFT,1.0,True,Ferrari,0 days 00:43:39.465000,,1,,False,,False,False
0 days 00:47:38.191000,LEC,16,0 days 00:01:09.304000,14.0,5.0,,,0 days 00:00:23.664000,0 days 00:00:24.691000,0 days 00:00:20.949000,0 days 00:46:52.551000,0 days 00:47:17.242000,0 days 00:47:38.191000,290.0,280.0,320.0,326.0,True,SOFT,2.0,True,Ferrari,0 days 00:46:28.887000,,1,,False,,False,True
0 days 00:49:04.735000,LEC,16,0 days 00:01:26.544000,15.0,5.0,,0 days 00:49:03.462000,0 days 00:00:28.208000,0 days 00:00:28.957000,0 days 00:00:29.379000,0 days 00:48:06.399000,0 days 00:48:35.356000,0 days 00:49:04.735000,264.0,241.0,,279.0,False,SOFT,3.0,True,Ferrari,0 days 00:47:38.191000,,1,,False,,False,False
0 days 00:53:54.338000,LEC,16,,16.0,6.0,0 days 00:51:54.219000,0 days 00:53:51.042000,,0 days 00:00:31.820000,0 days 00:00:31.177000,,0 days 00:53:23.161000,0 days 00:53:54.807000,272.0,258.0,,279.0,False,SOFT,1.0,True,Ferrari,0 days 00:49:04.735000,,1,,False,,False,False
0 days 01:05:07.768000,LEC,16,,17.0,7.0,0 days 01:03:16.539000,,,0 days 00:00:31.106000,0 days 00:00:23.486000,,0 days 01:04:44.354000,0 days 01:05:07.806000,123.0,228.0,317.0,,False,SOFT,2.0,False,Ferrari,0 days 00:53:54.338000,,1,,False,,False,False
0 days 01:06:17.304000,LEC,16,0 days 00:01:09.536000,18.0,7.0,,,0 days 00:00:23.888000,0 days 00:00:24.611000,0 days 00:00:21.037000,0 days 01:05:31.656000,0 days 01:05:56.267000,0 days 01:06:17.304000,286.0,281.0,320.0,326.0,True,SOFT,3.0,False,Ferrari,0 days 01:05:07.768000,,1,,False,,False,True
0 days 01:07:46.161000,LEC,16,0 days 00:01:28.857000,19.0,7.0,,0 days 01:07:44.946000,0 days 00:00:28.502000,0 days 00:00:29.600000,0 days 00:00:30.755000,0 days 01:06:45.806000,0 days 01:07:15.406000,0 days 01:07:46.161000,262.0,243.0,,265.0,False,SOFT,4.0,False,Ferrari,0 days 01:06:17.304000,,1,,False,,False,False
0 days 01:12:58.735000,LEC,16,,20.0,8.0,0 days 01:10:56.868000,,,0 days 00:00:31.905000,0 days 00:00:22.985000,,0 days 01:12:35.806000,0 days 01:12:58.849000,207.0,246.0,316.0,,False,SOFT,1.0,True,Ferrari,0 days 01:07:46.161000,,1,,False,,False,False
0 days 01:14:08.075000,LEC,16,0 days 00:01:09.340000,21.0,8.0,,,0 days 00:00:23.774000,0 days 00:00:24.625000,0 days 00:00:20.941000,0 days 01:13:22.509000,0 days 01:13:47.134000,0 days 01:14:08.075000,288.0,278.0,320.0,325.0,True,SOFT,2.0,True,Ferrari,0 days 01:12:58.735000,,1,,False,,False,True
0 days 01:15:35.204000,LEC,16,,22.0,8.0,,0 days 01:17:34.010000,0 days 00:00:33.814000,0 days 00:00:32.407000,0 days 00:00:20.941000,0 days 01:14:41.856000,0 days 01:15:14.369000,0 days 01:17:34.010000,194.0,195.0,,136.0,False,SOFT,3.0,True,Ferrari,0 days 01:14:08.075000,,1,,False,,False,False
0 days 00:17:19.356000,HAM,44,,1.0,1.0,0 days 00:15:27.919000,,,0 days 00:00:34.030000,0 days 00:00:23.533000,,0 days 00:16:55.950000,0 days 00:17:19.356000,235.0,224.0,317.0,,False,SOFT,1.0,True,Ferrari,0 days 00:15:27.919000,,1,,False,,False,False
0 days 00:18:29.580000,HAM,44,0 days 00:01:10.224000,2.0,1.0,,,0 days 00:00:24.110000,0 days 00:00:24.914000,0 days 00:00:21.200000,0 days 00:17:43.466000,0 days 00:18:08.380000,0 days 00:18:29.580000,287.0,279.0,316.0,327.0,True,SOFT,2.0,True,Ferrari,0 days 00:17:19.356000,,1,,False,,False,True
0 days 00:20:08.616000,HAM,44,0 days 00:01:39.036000,3.0,1.0,,0 days 00:20:07.435000,0 days 00:00:33.805000,0 days 00:00:33.662000,0 days 00:00:31.569000,0 days 00:19:03.385000,0 days 00:19:37.047000,0 days 00:20:08.616000,202.0,208.0,,220.0,False,SOFT,3.0,True,Ferrari,0 days 00:18:29.580000,,12,,False,,False,False
0 days 00:24:27.134000,HAM,44,,4.0,2.0,0 days 00:22:45.560000,,,0 days 00:00:35.273000,0 days 00:00:27.240000,,0 days 00:24:00.029000,0 days 00:24:27.305000,181.0,256.0,321.0,,False,SOFT,4.0,False,Ferrari,0 days 00:20:08.616000,,1,,False,,False,False
0 days 00:25:47.860000,HAM,44,0 days 00:01:20.726000,5.0,2.0,,0 days 00:25:46.508000,0 days 00:00:24.083000,0 days 00:00:24.855000,0 days 00:00:31.788000,0 days 00:24:51.217000,0 days 00:25:16.072000,0 days 00:25:47.860000,287.0,280.0,,330.0,False,SOFT,5.0,False,Ferrari,0 days 00:24:27.134000,,1,,False,,False,False
0 days 00:31:04.827000,HAM,44,,6.0,3.0,0 days 00:29:15.001000,,,0 days 00:00:34.086000,0 days 00:00:26.906000,,0 days 00:30:37.931000,0 days 00:31:05.056000,132.0,246.0,322.0,,False,SOFT,1.0,True,Ferrari,0 days 00:25:47.860000,,1,,False,,False,False
0 days 00:32:14.727000,HAM,44,0 days 00:01:09.900000,7.0,3.0,,,0 days 00:00:24.109000,0 days 00:00:24.624000,0 days 00:00:21.167000,0 days 00:31:28.936000,0 days 00:31:53.560000,0 days 00:32:14.727000,290.0,279.0,317.0,331.0,True,SOFT,2.0,True,Ferrari,0 days 00:31:04.827000,,1,,False,,False,True
0 days 00:33:56.270000,HAM,44,0 days 00:01:41.543000,8.0,3.0,,0 days 00:33:55.019000,0 days 00:00:34.100000,0 days 00:00:33.690000,0 days 00:00:33.753000,0 days 00:32:48.827000,0 days 00:33:22.517000,0 days 00:33:56.270000,202.0,235.0,,224.0,False,SOFT,3.0,True,Ferrari,0 days 00:32:14.727000,,1,,False,,False,False
0 days 00:41:12.039000,HAM,44,,9.0,4.0,0 days 00:39:34.910000,,,0 days 00:00:33.066000,0 days 00:00:23.565000,,0 days 00:40:48.570000,0 days 00:41:12.117000,218.0,257.0,315.0,,False,SOFT,4.0,False,Ferrari,0 days 00:33:56.270000,,12,,False,,False,False
0 days 00:42:22.179000,HAM,44,0 days 00:01:10.140000,10.0,4.0,,,0 days 00:00:24.106000,0 days 00:00:24.813000,0 days 00:00:21.221000,0 days 00:41:36.145000,0 days 00:42:00.958000,0 days 00:42:22.179000,288.0,279.0,318.0,326.0,True,SOFT,5.0,False,Ferrari,0 days 00:41:12.039000,,1,,False,,False,True
0 days 00:44:06.024000,HAM,44,0 days 00:01:43.845000,11.0,4.0,,0 days 00:44:02.315000,0 days 00:00:30.791000,0 days 00:00:33.692000,0 days 00:00:39.362000,0 days 00:42:52.970000,0 days 00:43:26.662000,0 days 00:44:06.024000,203.0,207.0,,220.0,False,SOFT,6.0,False,Ferrari,0 days 00:42:22.179000,,1,,False,,False,False
0 days 00:46:47.783000,HAM,44,,12.0,5.0,0 days 00:44:57.759000,,,0 days 00:00:31.721000,0 days 00:00:26.806000,,0 days 00:46:21.027000,0 days 00:46:47.977000,162.0,253.0,320.0,,False,SOFT,1.0,True,Ferrari,0 days 00:44:06.024000,,1,,False,,False,False
0 days 00:47:57.044000,HAM,44,0 days 00:01:09.261000,13.0,5.0,,,0 days 00:00:23.735000,0 days 00:00:24.493000,0 days 00:00:21.033000,0 days 00:47:11.518000,0 days 00:47:36.011000,0 days 00:47:57.044000,291.0,280.0,318.0,330.0,True,SOFT,2.0,True,Ferrari,0 days 00:46:47.783000,,1,,False,,False,True
0 days 00:49:36.877000,HAM,44,0 days 00:01:39.833000,14.0,5.0,,0 days 00:49:35.519000,0 days 00:00:33.450000,0 days 00:00:32.552000,0 days 00:00:33.831000,0 days 00:48:30.494000,0 days 00:49:03.046000,0 days 00:49:36.877000,211.0,195.0,,220.0,False,SOFT,3.0,True,Ferrari,0 days 00:47:57.044000,,1,,False,,False,False
0 days 00:54:27.288000,HAM,44,,15.0,6.0,0 days 00:52:36.022000,0 days 00:54:25.880000,,0 days 00:00:33.152000,0 days 00:00:36.191000,,0 days 00:53:51.097000,0 days 00:54:27.333000,227.0,207.0,,220.0,False,SOFT,1.0,True,Ferrari,0 days 00:49:36.877000,,1,,False,,False,False
0 days 01:05:18.702000,HAM,44,,16.0,7.0,0 days 01:03:27.367000,,,0 days 00:00:32.413000,0 days 00:00:22.788000,,0 days 01:04:55.969000,0 days 01:05:18.728000,180.0,261.0,317.0,,False,SOFT,2.0,False,Ferrari,0 days 00:54:27.288000,,1,,False,,False,False
0 days 01:06:28.228000,HAM,44,0 days 00:01:09.526000,17.0,7.0,,,0 days 00:00:23.843000,0 days 00:00:24.665000,0 days 00:00:21.018000,0 days 01:05:42.545000,0 days 01:06:07.210000,0 days 01:06:28.228000,288.0,280.0,319.0,327.0,True,SOFT,3.0,False,Ferrari,0 days 01:05:18.702000,,1,,False,,False,True
0 days 01:08:07.207000,HAM,44,0 days 00:01:38.979000,18.0,7.0,,0 days 01:08:05.870000,0 days 00:00:33.517000,0 days 00:00:33.228000,0 days 00:00:32.234000,0 days 01:07:01.745000,0 days 01:07:34.973000,0 days 01:08:07.207000,190.0,215.0,,228.0,False,SOFT,4.0,False,Ferrari,0 days 01:06:28.228000,,1,,False,,False,False
0 days 01:13:12.369000,HAM,44,,19.0,8.0,0 days 01:11:27.509000,,,0 days 00:00:32.589000,0 days 00:00:23.481000,,0 days 01:12:48.984000,0 days 01:13:12.634000,219.0,255.0,315.0,,False,SOFT,1.0,True,Ferrari,0 days 01:08:07.207000,,1,,False,,False,False
0 days 01:14:21.759000,HAM,44,0 days 00:01:09.390000,20.0,8.0,,,0 days 00:00:23.779000,0 days 00:00:24.594000,0 days 00:00:21.017000,0 days 01:13:36.148000,0 days 01:14:00.742000,0 days 01:14:21.759000,290.0,279.0,318.0,325.0,True,SOFT,2.0,True,Ferrari,0 days 01:13:12.369000,,1,,False,,False,True
0 days 01:15:49.245000,HAM,44,,21.0,8.0,,0 days 01:17:34.026000,0 days 00:00:34.076000,0 days 00:00:32.254000,0 days 00:00:21.017000,0 days 01:14:55.981000,0 days 01:15:28.228000,0 days 01:17:34.026000,194.0,195.0,,227.0,False,SOFT,3.0,True,Ferrari,0 days 01:14:21.759000,,12,,False,,False,False
0 days 00:22:32.220000,LAW,30,,1.0,1.0,0 days 00:20:48.790000,,,0 days 00:00:34.495000,0 days 00:00:24.707000,,0 days 00:22:07.529000,0 days 00:22:32.357000,205.0,265.0,318.0,,False,SOFT,1.0,True,Racing Bulls,0 days 00:20:48.790000,,1,,False,,False,False
0 days 00:23:42.420000,LAW,30,0 days 00:01:10.200000,2.0,1.0,,,0 days 00:00:24.191000,0 days 00:00:24.826000,0 days 00:00:21.183000,0 days 00:22:56.411000,0 days 00:23:21.237000,0 days 00:23:42.420000,289.0,281.0,322.0,326.0,True,SOFT,2.0,True,Racing Bulls,0 days 00:22:32.220000,,1,,False,,False,True
0 days 00:25:19.509000,LAW,30,0 days 00:01:37.089000,3.0,1.0,,0 days 00:25:18.330000,0 days 00:00:33.038000,0 days 00:00:31.645000,0 days 00:00:32.406000,0 days 00:24:15.458000,0 days 00:24:47.103000,0 days 00:25:19.509000,219.0,208.0,,325.0,False,SOFT,3.0,True,Racing Bulls,0 days 00:23:42.420000,,1,,False,,False,False
0 days 00:31:35.982000,LAW,30,,4.0,2.0,0 days 00:29:36.805000,,,0 days 00:00:35.995000,0 days 00:00:24.311000,,0 days 00:31:11.884000,0 days 00:31:36.255000,164.0,246.0,320.0,,False,SOFT,1.0,True,Racing Bulls,0 days 00:25:19.509000,,1,,False,,False,False
0 days 00:32:45.761000,LAW,30,0 days 00:01:09.779000,5.0,2.0,,,0 days 00:00:23.953000,0 days 00:00:24.646000,0 days 00:00:21.180000,0 days 00:31:59.935000,0 days 00:32:24.581000,0 days 00:32:45.761000,290.0,280.0,318.0,328.0,True,SOFT,2.0,True,Racing Bulls,0 days 00:31:35.982000,,1,,False,,False,True
0 days 00:34:20.758000,LAW,30,0 days 00:01:34.997000,6.0,2.0,,0 days 00:34:19.597000,0 days 00:00:30.349000,0 days 00:00:30.713000,0 days 00:00:33.935000,0 days 00:33:16.110000,0 days 00:33:46.823000,0 days 00:34:20.758000,243.0,209.0,,267.0,False,SOFT,3.0,True,Racing Bulls,0 days 00:32:45.761000,,1,,False,,False,False
0 days 00:44:46.233000,LAW,30,,7.0,3.0,0 days 00:42:44.004000,,,0 days 00:00:32.694000,0 days 00:00:23.872000,,0 days 00:44:22.393000,0 days 00:44:46.364000,203.0,264.0,319.0,,False,SOFT,1.0,True,Racing Bulls,0 days 00:34:20.758000,,12,,False,,False,False
0 days 00:45:55.959000,LAW,30,0 days 00:01:09.726000,8.0,3.0,,,0 days 00:00:23.916000,0 days 00:00:24.706000,0 days 00:00:21.104000,0 days 00:45:10.149000,0 days 00:45:34.855000,0 days 00:45:55.959000,289.0,280.0,320.0,328.0,True,SOFT,2.0,True,Racing Bulls,0 days 00:44:46.233000,,1,,False,,False,True
0 days 00:47:29.720000,LAW,30,0 days 00:01:33.761000,9.0,3.0,,0 days 00:47:28.465000,0 days 00:00:30.134000,0 days 00:00:32.221000,0 days 00:00:31.406000,0 days 00:46:26.093000,0 days 00:46:58.314000,0 days 00:47:29.720000,221.0,219.0,,300.0,False,SOFT,3.0,True,Racing Bulls,0 days 00:45:55.959000,,1,,False,,False,False
0 days 00:54:04.235000,LAW,30,,10.0,4.0,0 days 00:51:59.742000,,,0 days 00:00:36.230000,0 days 00:00:24.252000,,0 days 00:53:40.050000,0 days 00:54:04.374000,203.0,263.0,320.0,,False,SOFT,1.0,True,Racing Bulls,0 days 00:47:29.720000,,1,,False,,False,False
0 days 00:55:13.618000,LAW,30,0 days 00:01:09.383000,11.0,4.0,,,0 days 00:00:23.740000,0 days 00:00:24.508000,0 days 00:00:21.135000,0 days 00:54:27.975000,0 days 00:54:52.483000,0 days 00:55:13.618000,290.0,281.0,319.0,329.0,True,SOFT,2.0,True,Racing Bulls,0 days 00:54:04.235000,,1,,False,,False,True
0 days 00:56:51.793000,LAW,30,0 days 00:01:38.175000,12.0,4.0,,0 days 00:56:50.521000,0 days 00:00:31.761000,0 days 00:00:31.005000,0 days 00:00:35.409000,0 days 00:55:45.379000,0 days 00:56:16.384000,0 days 00:56:51.793000,229.0,186.0,,273.0,False,SOFT,3.0,True,Racing Bulls,0 days 00:55:13.618000,,1,,False,,False,False
0 days 01:05:35.763000,LAW,30,,13.0,5.0,0 days 01:03:40.633000,,,0 days 00:00:33.933000,0 days 00:00:26.799000,,0 days 01:05:09.040000,0 days 01:05:35.869000,208.0,256.0,322.0,,False,SOFT,4.0,False,Racing Bulls,0 days 00:56:51.793000,,1,,False,,False,False
0 days 01:06:46.094000,LAW,30,0 days 00:01:10.331000,14.0,5.0,,,0 days 00:00:23.955000,0 days 00:00:25.074000,0 days 00:00:21.302000,0 days 01:05:59.718000,0 days 01:06:24.792000,0 days 01:06:46.094000,289.0,280.0,319.0,328.0,True,SOFT,5.0,False,Racing Bulls,0 days 01:05:35.763000,,1,,False,,False,True
0 days 01:08:19.629000,LAW,30,0 days 00:01:33.535000,15.0,5.0,,0 days 01:08:18.449000,0 days 00:00:30.174000,0 days 00:00:31.141000,0 days 00:00:32.220000,0 days 01:07:16.268000,0 days 01:07:47.409000,0 days 01:08:19.629000,215.0,198.0,,265.0,False,SOFT,6.0,False,Racing Bulls,0 days 01:06:46.094000,,1,,False,,False,False
0 days 01:13:31.981000,LAW,30,,16.0,6.0,0 days 01:11:37.337000,,,0 days 00:00:36.899000,0 days 00:00:24.016000,,0 days 01:13:08.025000,0 days 01:13:32.134000,205.0,253.0,319.0,,False,SOFT,1.0,True,Racing Bulls,0 days 01:08:19.629000,,1,,False,,False,False
0 days 01:14:41.481000,LAW,30,0 days 00:01:09.500000,17.0,6.0,,,0 days 00:00:23.867000,0 days 00:00:24.544000,0 days 00:00:21.089000,0 days 01:13:55.848000,0 days 01:14:20.392000,0 days 01:14:41.481000,290.0,280.0,319.0,327.0,True,SOFT,2.0,True,Racing Bulls,0 days 01:13:31.981000,,1,,False,,False,True
0 days 01:16:04.286000,LAW,30,,18.0,6.0,,0 days 01:17:34.026000,0 days 00:00:29.721000,0 days 00:00:31.994000,0 days 00:00:21.089000,0 days 01:15:11.213000,0 days 01:15:43.197000,0 days 01:17:34.026000,239.0,204.0,,271.0,False,SOFT,3.0,True,Racing Bulls,0 days 01:14:41.481000,,12,,False,,False,False
0 days 00:22:40.816000,SAI,55,,1.0,1.0,0 days 00:21:00.279000,,,0 days 00:00:31.366000,0 days 00:00:24.948000,,0 days 00:22:15.983000,0 days 00:22:40.876000,280.0,255.0,320.0,,False,SOFT,1.0,True,Williams,0 days 00:21:00.279000,,1,,False,,False,False
0 days 00:23:51.171000,SAI,55,0 days 00:01:10.355000,2.0,1.0,,,0 days 00:00:24.064000,0 days 00:00:24.862000,0 days 00:00:21.429000,0 days 00:23:04.880000,0 days 00:23:29.742000,0 days 00:23:51.171000,290.0,282.0,321.0,330.0,True,SOFT,2.0,True,Williams,0 days 00:22:40.816000,,1,,False,,False,True
0 days 00:25:23.916000,SAI,55,0 days 00:01:32.745000,3.0,1.0,,0 days 00:25:22.665000,0 days 00:00:31.157000,0 days 00:00:30.870000,0 days 00:00:30.718000,0 days 00:24:22.328000,0 days 00:24:53.198000,0 days 00:25:23.916000,261.0,252.0,,231.0,False,SOFT,3.0,True,Williams,0 days 00:23:51.171000,,1,,False,,False,False
0 days 00:30:21.767000,SAI,55,,4.0,2.0,0 days 00:28:34.921000,,,0 days 00:00:31.297000,0 days 00:00:24.716000,,0 days 00:29:57.087000,0 days 00:30:22.009000,283.0,247.0,320.0,,False,SOFT,1.0,True,Williams,0 days 00:25:23.916000,,1,,False,,False,False
0 days 00:31:31.747000,SAI,55,0 days 00:01:09.980000,5.0,2.0,,,0 days 00:00:23.823000,0 days 00:00:24.931000,0 days 00:00:21.226000,0 days 00:30:45.590000,0 days 00:31:10.521000,0 days 00:31:31.747000,292.0,282.0,321.0,330.0,True,SOFT,2.0,True,Williams,0 days 00:30:21.767000,,1,,False,,False,True
0 days 00:33:05.392000,SAI,55,0 days 00:01:33.645000,6.0,2.0,,0 days 00:33:03.959000,0 days 00:00:30.544000,0 days 00:00:31.454000,0 days 00:00:31.647000,0 days 00:32:02.291000,0 days 00:32:33.745000,0 days 00:33:05.392000,253.0,253.0,,264.0,False,SOFT,3.0,True,Williams,0 days 00:31:31.747000,,1,,False,,False,False
0 days 00:45:03.007000,SAI,55,,7.0,3.0,0 days 00:42:58.530000,,,0 days 00:00:31.418000,0 days 00:00:26.610000,,0 days 00:44:36.503000,0 days 00:45:03.057000,283.0,255.0,320.0,,False,SOFT,1.0,True,Williams,0 days 00:33:05.392000,,12,,False,,False,False
0 days 00:46:12.772000,SAI,55,0 days 00:01:09.765000,8.0,3.0,,,0 days 00:00:23.766000,0 days 00:00:24.820000,0 days 00:00:21.179000,0 days 00:45:26.773000,0 days 00:45:51.593000,0 days 00:46:12.772000,292.0,283.0,322.0,329.0,True,SOFT,2.0,True,Williams,0 days 00:45:03.007000,,1,,False,,False,True
0 days 00:47:51.586000,SAI,55,0 days 00:01:38.814000,9.0,3.0,,0 days 00:47:50.253000,0 days 00:00:35.595000,0 days 00:00:33.002000,0 days 00:00:30.217000,0 days 00:46:48.367000,0 days 00:47:21.369000,0 days 00:47:51.586000,245.0,249.0,,143.0,False,SOFT,3.0,True,Williams,0 days 00:46:12.772000,,1,,False,,False,False
0 days 00:52:49.017000,SAI,55,,10.0,4.0,0 days 00:51:04.207000,,,0 days 00:00:30.358000,0 days 00:00:26.607000,,0 days 00:52:22.506000,0 days 00:52:49.163000,280.0,256.0,323.0,,False,SOFT,1.0,True,Williams,0 days 00:47:51.586000,,1,,False,,False,False
0 days 00:53:58.489000,SAI,55,0 days 00:01:09.472000,11.0,4.0,,,0 days 00:00:23.693000,0 days 00:00:24.739000,0 days 00:00:21.040000,0 days 00:53:12.710000,0 days 00:53:37.449000,0 days 00:53:58.489000,292.0,283.0,321.0,332.0,True,SOFT,2.0,True,Williams,0 days 00:52:49.017000,,1,,False,,False,True
0 days 00:55:36.413000,SAI,55,0 days 00:01:37.924000,12.0,4.0,,0 days 00:55:35.124000,0 days 00:00:33.962000,0 days 00:00:33.548000,0 days 00:00:30.414000,0 days 00:54:32.451000,0 days 00:55:05.999000,0 days 00:55:36.413000,259.0,222.0,,246.0,False,SOFT,3.0,True,Williams,0 days 00:53:58.489000,,1,,False,,False,False
0 days 01:04:33.991000,SAI,55,,13.0,5.0,0 days 01:02:42.510000,,,0 days 00:00:35.003000,0 days 00:00:25.164000,,0 days 01:04:08.975000,0 days 01:04:34.069000,274.0,248.0,318.0,,False,SOFT,4.0,False,Williams,0 days 00:55:36.413000,,1,,False,,False,False
0 days 01:05:43.931000,SAI,55,0 days 00:01:09.940000,14.0,5.0,,,0 days 00:00:23.898000,0 days 00:00:24.917000,0 days 00:00:21.125000,0 days 01:04:57.889000,0 days 01:05:22.806000,0 days 01:05:43.931000,289.0,282.0,321.0,327.0,True,SOFT,5.0,False,Williams,0 days 01:04:33.991000,,1,,False,,False,True
0 days 01:07:16.456000,SAI,55,0 days 00:01:32.525000,15.0,5.0,,0 days 01:07:15.310000,0 days 00:00:29.498000,0 days 00:00:31.893000,0 days 00:00:31.134000,0 days 01:06:13.429000,0 days 01:06:45.322000,0 days 01:07:16.456000,239.0,221.0,,242.0,False,SOFT,6.0,False,Williams,0 days 01:05:43.931000,,1,,False,,False,False
0 days 01:12:42.017000,SAI,55,,16.0,6.0,0 days 01:10:51.982000,,,0 days 00:00:30.483000,0 days 00:00:24.273000,,0 days 01:12:17.853000,0 days 01:12:42.228000,282.0,253.0,319.0,,False,SOFT,1.0,True,Williams,0 days 01:07:16.456000,,1,,False,,False,False
0 days 01:13:51.522000,SAI,55,0 days 00:01:09.505000,17.0,6.0,,,0 days 00:00:23.727000,0 days 00:00:24.733000,0 days 00:00:21.045000,0 days 01:13:05.744000,0 days 01:13:30.477000,0 days 01:13:51.522000,291.0,283.0,324.0,328.0,True,SOFT,2.0,True,Williams,0 days 01:12:42.017000,,1,,False,,False,True
0 days 01:15:30.065000,SAI,55,0 days 00:01:38.543000,18.0,6.0,,0 days 01:15:25.900000,0 days 00:00:29.530000,0 days 00:00:32.284000,0 days 00:00:36.729000,0 days 01:14:21.052000,0 days 01:14:53.336000,0 days 01:15:30.065000,245.0,241.0,,264.0,False,SOFT,3.0,True,Williams,0 days 01:13:51.522000,,1,,False,,False,False
0 days 00:22:11.048000,ALO,14,,1.0,1.0,0 days 00:20:19.794000,,,0 days 00:00:34.437000,0 days 00:00:25.045000,,0 days 00:21:46.154000,0 days 00:22:11.123000,257.0,258.0,318.0,,False,SOFT,1.0,True,Aston Martin,0 days 00:20:19.794000,,1,,False,,False,False
0 days 00:23:20.998000,ALO,14,0 days 00:01:09.950000,2.0,1.0,,,0 days 00:00:23.917000,0 days 00:00:24.736000,0 days 00:00:21.297000,0 days 00:22:34.965000,0 days 00:22:59.701000,0 days 00:23:20.998000,291.0,280.0,321.0,329.0,True,SOFT,2.0,True,Aston Martin,0 days 00:22:11.048000,,1,,False,,False,True
0 days 00:25:02.053000,ALO,14,0 days 00:01:41.055000,3.0,1.0,,0 days 00:25:00.895000,0 days 00:00:35.663000,0 days 00:00:33.736000,0 days 00:00:31.656000,0 days 00:23:56.661000,0 days 00:24:30.397000,0 days 00:25:02.053000,223.0,195.0,,161.0,False,SOFT,3.0,True,Aston Martin,0 days 00:23:20.998000,,1,,False,,False,False
0 days 00:32:02.091000,ALO,14,,4.0,2.0,0 days 00:30:07.790000,,,0 days 00:00:32.629000,0 days 00:00:26.102000,,0 days 00:31:36.047000,0 days 00:32:02.274000,249.0,258.0,319.0,,False,SOFT,1.0,True,Aston Martin,0 days 00:25:02.053000,,1,,False,,False,False
0 days 00:33:39.082000,ALO,14,0 days 00:01:36.991000,5.0,2.0,,0 days 00:33:37.808000,0 days 00:00:27.402000,0 days 00:00:37.009000,0 days 00:00:32.580000,0 days 00:32:29.493000,0 days 00:33:06.502000,0 days 00:33:39.082000,176.0,256.0,,330.0,False,SOFT,2.0,True,Aston Martin,0 days 00:32:02.091000,,1,,False,,False,False
0 days 00:46:07.945000,ALO,14,,6.0,3.0,0 days 00:44:06.628000,,,0 days 00:00:36.233000,0 days 00:00:26.719000,,0 days 00:45:41.350000,0 days 00:46:08.027000,243.0,211.0,320.0,,False,SOFT,3.0,False,Aston Martin,0 days 00:33:39.082000,,12,,False,,False,False
0 days 00:47:17.602000,ALO,14,0 days 00:01:09.657000,7.0,3.0,,,0 days 00:00:23.787000,0 days 00:00:24.704000,0 days 00:00:21.166000,0 days 00:46:31.732000,0 days 00:46:56.436000,0 days 00:47:17.602000,291.0,281.0,321.0,331.0,True,SOFT,4.0,False,Aston Martin,0 days 00:46:07.945000,,1,,False,,False,True
0 days 00:48:49.570000,ALO,14,0 days 00:01:31.968000,8.0,3.0,,0 days 00:48:46.555000,0 days 00:00:30.148000,0 days 00:00:32.181000,0 days 00:00:29.639000,0 days 00:47:47.750000,0 days 00:48:19.931000,0 days 00:48:49.570000,223.0,216.0,,248.0,False,SOFT,5.0,False,Aston Martin,0 days 00:47:17.602000,,1,,False,,False,False
0 days 00:54:10.952000,ALO,14,,9.0,4.0,0 days 00:52:14.529000,,,0 days 00:00:35.787000,0 days 00:00:26.334000,,0 days 00:53:44.742000,0 days 00:54:11.130000,215.0,255.0,320.0,,False,SOFT,1.0,True,Aston Martin,0 days 00:48:49.570000,,1,,False,,False,False
0 days 00:55:20.318000,ALO,14,0 days 00:01:09.366000,10.0,4.0,,,0 days 00:00:23.823000,0 days 00:00:24.514000,0 days 00:00:21.029000,0 days 00:54:34.775000,0 days 00:54:59.289000,0 days 00:55:20.318000,293.0,282.0,321.0,331.0,True,SOFT,2.0,True,Aston Martin,0 days 00:54:10.952000,,1,,False,,False,True
0 days 00:57:01.557000,ALO,14,0 days 00:01:41.239000,11.0,4.0,,0 days 00:57:00.367000,0 days 00:00:32.179000,0 days 00:00:34.109000,0 days 00:00:34.951000,0 days 00:55:52.497000,0 days 00:56:26.606000,0 days 00:57:01.557000,231.0,177.0,,234.0,False,SOFT,3.0,True,Aston Martin,0 days 00:55:20.318000,,1,,False,,False,False
0 days 01:04:42.431000,ALO,14,,12.0,5.0,0 days 01:03:01.491000,,,0 days 00:00:32.512000,0 days 00:00:26.253000,,0 days 01:04:16.397000,0 days 01:04:42.525000,247.0,257.0,318.0,,False,SOFT,4.0,False,Aston Martin,0 days 00:57:01.557000,,1,,False,,False,False
0 days 01:05:52.369000,ALO,14,0 days 00:01:09.938000,13.0,5.0,,,0 days 00:00:23.929000,0 days 00:00:24.806000,0 days 00:00:21.203000,0 days 01:05:06.360000,0 days 01:05:31.166000,0 days 01:05:52.369000,290.0,282.0,319.0,328.0,True,SOFT,5.0,False,Aston Martin,0 days 01:04:42.431000,,1,,False,,False,True
0 days 01:07:23.840000,ALO,14,0 days 00:01:31.471000,14.0,5.0,,0 days 01:07:22.726000,0 days 00:00:28.917000,0 days 00:00:30.326000,0 days 00:00:32.228000,0 days 01:06:21.286000,0 days 01:06:51.612000,0 days 01:07:23.840000,237.0,189.0,,219.0,False,SOFT,6.0,False,Aston Martin,0 days 01:05:52.369000,,1,,False,,False,False
0 days 01:13:43.569000,ALO,14,,15.0,6.0,0 days 01:11:45.087000,,,0 days 00:00:36.117000,0 days 00:00:24.919000,,0 days 01:13:18.650000,0 days 01:13:43.696000,233.0,249.0,320.0,,False,SOFT,1.0,True,Aston Martin,0 days 01:07:23.840000,,1,,False,,False,False
0 days 01:14:53.199000,ALO,14,0 days 00:01:09.630000,16.0,6.0,,,0 days 00:00:23.790000,0 days 00:00:24.715000,0 days 00:00:21.125000,0 days 01:14:07.359000,0 days 01:14:32.074000,0 days 01:14:53.199000,292.0,281.0,320.0,330.0,True,SOFT,2.0,True,Aston Martin,0 days 01:13:43.569000,,1,,False,,False,True
0 days 01:17:33.994000,ALO,14,,17.0,6.0,,0 days 01:17:33.994000,0 days 00:00:28.338000,0 days 00:00:34.792000,,0 days 01:15:21.603000,0 days 01:15:56.284000,,228.0,144.0,,273.0,False,SOFT,3.0,True,Aston Martin,0 days 01:14:53.199000,,12,,False,,False,False
0 days 00:21:38.646000,ANT,12,,1.0,1.0,0 days 00:19:56.044000,,,0 days 00:00:33.792000,0 days 00:00:24.773000,,0 days 00:21:13.873000,0 days 00:21:38.654000,223.0,251.0,318.0,,False,SOFT,1.0,True,Mercedes,0 days 00:19:56.044000,,1,,False,,False,False
0 days 00:22:48.650000,ANT,12,0 days 00:01:10.004000,2.0,1.0,,,0 days 00:00:24.108000,0 days 00:00:24.657000,0 days 00:00:21.239000,0 days 00:22:02.754000,0 days 00:22:27.411000,0 days 00:22:48.650000,288.0,280.0,319.0,327.0,True,SOFT,2.0,True,Mercedes,0 days 00:21:38.646000,,1,,False,,False,True
0 days 00:24:40.910000,ANT,12,0 days 00:01:52.260000,3.0,1.0,,0 days 00:24:39.649000,0 days 00:00:36.329000,0 days 00:00:42.015000,0 days 00:00:33.916000,0 days 00:23:24.979000,0 days 00:24:06.994000,0 days 00:24:40.910000,162.0,168.0,,284.0,False,SOFT,3.0,True,Mercedes,0 days 00:22:48.650000,,1,,False,,False,False
0 days 00:29:53.883000,ANT,12,,4.0,2.0,0 days 00:27:56.255000,,,0 days 00:00:32.874000,0 days 00:00:23.404000,,0 days 00:29:30.549000,0 days 00:29:54.055000,220.0,255.0,317.0,,False,SOFT,1.0,True,Mercedes,0 days 00:24:40.910000,,1,,False,,False,False
0 days 00:31:03.728000,ANT,12,0 days 00:01:09.845000,5.0,2.0,,,0 days 00:00:23.988000,0 days 00:00:24.686000,0 days 00:00:21.171000,0 days 00:30:17.871000,0 days 00:30:42.557000,0 days 00:31:03.728000,289.0,281.0,319.0,326.0,True,SOFT,2.0,True,Mercedes,0 days 00:29:53.883000,,1,,False,,False,True
0 days 00:32:45.670000,ANT,12,0 days 00:01:41.942000,6.0,2.0,,0 days 00:32:44.315000,0 days 00:00:31.838000,0 days 00:00:36.349000,0 days 00:00:33.755000,0 days 00:31:35.566000,0 days 00:32:11.915000,0 days 00:32:45.670000,142.0,222.0,,292.0,False,SOFT,3.0,True,Mercedes,0 days 00:31:03.728000,,1,,False,,False,False
0 days 00:44:21.817000,ANT,12,,7.0,3.0,0 days 00:42:36.258000,,,0 days 00:00:32.865000,0 days 00:00:23.328000,,0 days 00:43:58.581000,0 days 00:44:21.817000,244.0,253.0,318.0,,False,SOFT,1.0,True,Mercedes,0 days 00:32:45.670000,,12,,False,,False,False
0 days 00:45:31.418000,ANT,12,0 days 00:01:09.601000,8.0,3.0,,,0 days 00:00:23.907000,0 days 00:00:24.652000,0 days 00:00:21.042000,0 days 00:44:45.724000,0 days 00:45:10.376000,0 days 00:45:31.418000,290.0,281.0,322.0,327.0,True,SOFT,2.0,True,Mercedes,0 days 00:44:21.817000,,1,,False,,False,True
0 days 00:47:11.870000,ANT,12,0 days 00:01:40.452000,9.0,3.0,,0 days 00:47:10.596000,0 days 00:00:34.566000,0 days 00:00:35.993000,0 days 00:00:29.893000,0 days 00:46:05.984000,0 days 00:46:41.977000,0 days 00:47:11.870000,238.0,232.0,,290.0,False,SOFT,3.0,True,Mercedes,0 days 00:45:31.418000,,1,,False,,False,False
0 days 00:52:02.637000,ANT,12,,10.0,4.0,0 days 00:50:16.296000,,,0 days 00:00:32.535000,0 days 00:00:23.332000,,0 days 00:51:39.419000,0 days 00:52:02.957000,233.0,252.0,318.0,,False,SOFT,1.0,True,Mercedes,0 days 00:47:11.870000,,1,,False,,False,False
0 days 00:53:12.130000,ANT,12,0 days 00:01:09.493000,11.0,4.0,,,0 days 00:00:23.860000,0 days 00:00:24.599000,0 days 00:00:21.034000,0 days 00:52:26.497000,0 days 00:52:51.096000,0 days 00:53:12.130000,288.0,282.0,322.0,326.0,True,SOFT,2.0,True,Mercedes,0 days 00:52:02.637000,,1,,False,,False,True
0 days 00:54:53.516000,ANT,12,0 days 00:01:41.386000,12.0,4.0,,0 days 00:54:52.319000,0 days 00:00:32.718000,0 days 00:00:36.532000,0 days 00:00:32.136000,0 days 00:53:44.848000,0 days 00:54:21.380000,0 days 00:54:53.516000,246.0,109.0,,145.0,False,SOFT,3.0,True,Mercedes,0 days 00:53:12.130000,,1,,False,,False,False
0 days 00:16:05.867000,TSU,22,,1.0,1.0,0 days 00:14:34.097000,,,0 days 00:00:34.014000,0 days 00:00:23.776000,,0 days 00:15:42.128000,0 days 00:16:05.925000,212.0,252.0,317.0,,False,SOFT,1.0,True,Red Bull Racing,0 days 00:14:34.097000,,1,,False,,False,False
0 days 00:17:16.528000,TSU,22,0 days 00:01:10.661000,2.0,1.0,,,0 days 00:00:24.153000,0 days 00:00:24.998000,0 days 00:00:21.510000,0 days 00:16:30.020000,0 days 00:16:55.018000,0 days 00:17:16.528000,290.0,280.0,319.0,326.0,True,SOFT,2.0,True,Red Bull Racing,0 days 00:16:05.867000,,1,,False,,False,True
0 days 00:19:04.387000,TSU,22,0 days 00:01:47.859000,3.0,1.0,,0 days 00:19:03.042000,0 days 00:00:32.794000,0 days 00:00:32.521000,0 days 00:00:42.544000,0 days 00:17:49.322000,0 days 00:18:21.843000,0 days 00:19:04.387000,227.0,230.0,,244.0,False,SOFT,3.0,True,Red Bull Racing,0 days 00:17:16.528000,,12,,False,,False,False
0 days 00:24:06.974000,TSU,22,,4.0,2.0,0 days 00:22:10.576000,,,0 days 00:00:36.262000,0 days 00:00:23.493000,,0 days 00:23:43.654000,0 days 00:24:07.123000,201.0,236.0,319.0,,False,SOFT,4.0,False,Red Bull Racing,0 days 00:19:04.387000,,1,,False,,False,False
0 days 00:25:17.423000,TSU,22,0 days 00:01:10.449000,5.0,2.0,,,0 days 00:00:24.100000,0 days 00:00:25.006000,0 days 00:00:21.343000,0 days 00:24:31.074000,0 days 00:24:56.080000,0 days 00:25:17.423000,288.0,281.0,320.0,330.0,True,SOFT,5.0,False,Red Bull Racing,0 days 00:24:06.974000,,1,,False,,False,True
0 days 00:26:41.356000,TSU,22,0 days 00:01:23.933000,6.0,2.0,,0 days 00:26:40.211000,0 days 00:00:27.538000,0 days 00:00:28.804000,0 days 00:00:27.591000,0 days 00:25:44.961000,0 days 00:26:13.765000,0 days 00:26:41.356000,260.0,247.0,,287.0,False,SOFT,6.0,False,Red Bull Racing,0 days 00:25:17.423000,,1,,False,,False,False
0 days 00:31:55.104000,TSU,22,,7.0,3.0,0 days 00:29:54.805000,,,0 days 00:00:28.948000,0 days 00:00:27.383000,,0 days 00:31:27.765000,0 days 00:31:55.352000,259.0,250.0,322.0,,False,SOFT,1.0,True,Red Bull Racing,0 days 00:26:41.356000,,1,,False,,False,False
0 days 00:33:05.058000,TSU,22,0 days 00:01:09.954000,8.0,3.0,,,0 days 00:00:23.819000,0 days 00:00:24.878000,0 days 00:00:21.257000,0 days 00:32:18.923000,0 days 00:32:43.801000,0 days 00:33:05.058000,290.0,281.0,322.0,332.0,True,SOFT,2.0,True,Red Bull Racing,0 days 00:31:55.104000,,1,,False,,False,True
0 days 00:34:40.252000,TSU,22,0 days 00:01:35.194000,9.0,3.0,,0 days 00:34:39.094000,0 days 00:00:30.102000,0 days 00:00:32.825000,0 days 00:00:32.267000,0 days 00:33:35.160000,0 days 00:34:07.985000,0 days 00:34:40.252000,209.0,224.0,,255.0,False,SOFT,3.0,True,Red Bull Racing,0 days 00:33:05.058000,,1,,False,,False,False
0 days 00:44:30.315000,TSU,22,,10.0,4.0,0 days 00:42:39.992000,,,0 days 00:00:31.044000,0 days 00:00:22.835000,,0 days 00:44:07.612000,0 days 00:44:30.315000,221.0,252.0,319.0,,False,SOFT,1.0,True,Red Bull Racing,0 days 00:34:40.252000,,12,,False,,False,False
0 days 00:45:39.937000,TSU,22,0 days 00:01:09.622000,11.0,4.0,,,0 days 00:00:23.745000,0 days 00:00:24.737000,0 days 00:00:21.140000,0 days 00:44:54.060000,0 days 00:45:18.797000,0 days 00:45:39.937000,291.0,281.0,323.0,329.0,True,SOFT,2.0,True,Red Bull Racing,0 days 00:44:30.315000,,1,,False,,False,True
0 days 00:47:13.826000,TSU,22,0 days 00:01:33.889000,12.0,4.0,,0 days 00:47:12.690000,0 days 00:00:29.570000,0 days 00:00:33.522000,0 days 00:00:30.797000,0 days 00:46:09.507000,0 days 00:46:43.029000,0 days 00:47:13.826000,260.0,236.0,,273.0,False,SOFT,3.0,True,Red Bull Racing,0 days 00:45:39.937000,,1,,False,,False,False
0 days 00:52:09.357000,TSU,22,,13.0,5.0,0 days 00:50:19.492000,,,0 days 00:00:30.789000,0 days 00:00:23.354000,,0 days 00:51:46.020000,0 days 00:52:09.496000,235.0,247.0,320.0,,False,SOFT,1.0,True,Red Bull Racing,0 days 00:47:13.826000,,1,,False,,False,False
0 days 00:53:18.989000,TSU,22,0 days 00:01:09.632000,14.0,5.0,,,0 days 00:00:23.732000,0 days 00:00:24.785000,0 days 00:00:21.115000,0 days 00:52:33.089000,0 days 00:52:57.874000,0 days 00:53:18.989000,292.0,281.0,322.0,329.0,False,SOFT,2.0,True,Red Bull Racing,0 days 00:52:09.357000,,1,,False,,False,True
0 days 00:54:57.126000,TSU,22,0 days 00:01:38.137000,15.0,5.0,,0 days 00:54:55.886000,0 days 00:00:31.983000,0 days 00:00:34.309000,0 days 00:00:31.845000,0 days 00:53:50.972000,0 days 00:54:25.281000,0 days 00:54:57.126000,148.0,235.0,,204.0,False,SOFT,3.0,True,Red Bull Racing,0 days 00:53:18.989000,,1,,False,,False,False
0 days 00:23:27.490000,BOR,5,,1.0,1.0,0 days 00:21:34.014000,,,0 days 00:00:31.810000,0 days 00:00:23.512000,,0 days 00:23:04.104000,0 days 00:23:27.701000,115.0,266.0,318.0,,False,SOFT,1.0,True,Kick Sauber,0 days 00:21:34.014000,,1,,False,,False,False
0 days 00:24:37.915000,BOR,5,0 days 00:01:10.425000,2.0,1.0,,,0 days 00:00:24.327000,0 days 00:00:24.856000,0 days 00:00:21.242000,0 days 00:23:51.817000,0 days 00:24:16.673000,0 days 00:24:37.915000,287.0,282.0,321.0,328.0,True,SOFT,2.0,True,Kick Sauber,0 days 00:23:27.490000,,1,,False,,False,True
0 days 00:26:06.860000,BOR,5,0 days 00:01:28.945000,3.0,1.0,,0 days 00:26:05.711000,0 days 00:00:29.128000,0 days 00:00:31.708000,0 days 00:00:28.109000,0 days 00:25:07.043000,0 days 00:25:38.751000,0 days 00:26:06.860000,222.0,250.0,,259.0,False,SOFT,3.0,True,Kick Sauber,0 days 00:24:37.915000,,1,,False,,False,False
0 days 00:31:18.377000,BOR,5,,4.0,2.0,0 days 00:29:23.637000,,,0 days 00:00:28.783000,0 days 00:00:27.360000,,0 days 00:30:51.102000,0 days 00:31:18.665000,264.0,254.0,323.0,,False,SOFT,1.0,True,Kick Sauber,0 days 00:26:06.860000,,1,,False,,False,False
0 days 00:32:28.414000,BOR,5,0 days 00:01:10.037000,5.0,2.0,,,0 days 00:00:24.043000,0 days 00:00:24.842000,0 days 00:00:21.152000,0 days 00:31:42.420000,0 days 00:32:07.262000,0 days 00:32:28.414000,289.0,281.0,320.0,331.0,True,SOFT,2.0,True,Kick Sauber,0 days 00:31:18.377000,,1,,False,,False,True
0 days 00:34:08.148000,BOR,5,0 days 00:01:39.734000,6.0,2.0,,0 days 00:34:07.003000,0 days 00:00:30.711000,0 days 00:00:34.865000,0 days 00:00:34.158000,0 days 00:32:59.125000,0 days 00:33:33.990000,0 days 00:34:08.148000,256.0,203.0,,234.0,False,SOFT,3.0,True,Kick Sauber,0 days 00:32:28.414000,,1,,False,,False,False
0 days 00:45:36.450000,BOR,5,,7.0,3.0,0 days 00:43:40.834000,,,0 days 00:00:33.512000,0 days 00:00:23.770000,,0 days 00:45:12.690000,0 days 00:45:36.541000,264.0,253.0,319.0,,False,SOFT,1.0,True,Kick Sauber,0 days 00:34:08.148000,,12,,False,,False,False
0 days 00:46:46.220000,BOR,5,0 days 00:01:09.770000,8.0,3.0,,,0 days 00:00:23.948000,0 days 00:00:24.804000,0 days 00:00:21.018000,0 days 00:46:00.398000,0 days 00:46:25.202000,0 days 00:46:46.220000,290.0,281.0,318.0,328.0,True,SOFT,2.0,True,Kick Sauber,0 days 00:45:36.450000,,1,,False,,False,True
0 days 00:48:20.264000,BOR,5,0 days 00:01:34.044000,9.0,3.0,,0 days 00:48:19.025000,0 days 00:00:31.693000,0 days 00:00:31.371000,0 days 00:00:30.980000,0 days 00:47:17.913000,0 days 00:47:49.284000,0 days 00:48:20.264000,243.0,209.0,,288.0,False,SOFT,3.0,True,Kick Sauber,0 days 00:46:46.220000,,1,,False,,False,False
0 days 00:53:34.101000,BOR,5,,10.0,4.0,0 days 00:51:51.510000,,,0 days 00:00:30.069000,0 days 00:00:24.956000,,0 days 00:53:09.145000,0 days 00:53:34.239000,264.0,243.0,319.0,,False,SOFT,1.0,True,Kick Sauber,0 days 00:48:20.264000,,1,,False,,False,False
0 days 00:54:43.723000,BOR,5,0 days 00:01:09.622000,11.0,4.0,,,0 days 00:00:23.811000,0 days 00:00:24.893000,0 days 00:00:20.918000,0 days 00:53:57.912000,0 days 00:54:22.805000,0 days 00:54:43.723000,290.0,282.0,320.0,329.0,True,SOFT,2.0,True,Kick Sauber,0 days 00:53:34.101000,,1,,False,,False,True
0 days 00:56:23.425000,BOR,5,0 days 00:01:39.702000,12.0,4.0,,0 days 00:56:22.253000,0 days 00:00:33.089000,0 days 00:00:35.380000,0 days 00:00:31.233000,0 days 00:55:16.812000,0 days 00:55:52.192000,0 days 00:56:23.425000,219.0,240.0,,247.0,False,SOFT,3.0,True,Kick Sauber,0 days 00:54:43.723000,,1,,False,,False,False
0 days 00:16:20.940000,GAS,10,,1.0,1.0,0 days 00:14:41.343000,,,0 days 00:00:30.410000,0 days 00:00:24.313000,,0 days 00:15:56.675000,0 days 00:16:21.034000,266.0,254.0,318.0,,False,SOFT,1.0,True,Alpine,0 days 00:14:41.343000,,1,,False,,False,False
0 days 00:17:31.921000,GAS,10,0 days 00:01:10.981000,2.0,1.0,,,0 days 00:00:24.434000,0 days 00:00:25.083000,0 days 00:00:21.464000,0 days 00:16:45.374000,0 days 00:17:10.457000,0 days 00:17:31.921000,287.0,280.0,321.0,328.0,True,SOFT,2.0,True,Alpine,0 days 00:16:20.940000,,1,,False,,False,True
0 days 00:19:11.554000,GAS,10,0 days 00:01:39.633000,3.0,1.0,,0 days 00:19:09.971000,0 days 00:00:31.524000,0 days 00:00:32.179000,0 days 00:00:35.930000,0 days 00:18:03.445000,0 days 00:18:35.624000,0 days 00:19:11.554000,262.0,229.0,,250.0,False,SOFT,3.0,True,Alpine,0 days 00:17:31.921000,,12,,False,,False,False
0 days 00:23:40.558000,GAS,10,,4.0,2.0,0 days 00:21:52.936000,,,0 days 00:00:32.185000,0 days 00:00:23.914000,,0 days 00:23:16.732000,0 days 00:23:40.779000,271.0,257.0,320.0,,False,SOFT,1.0,True,Alpine,0 days 00:19:11.554000,,1,,False,,False,False
0 days 00:24:50.601000,GAS,10,0 days 00:01:10.043000,5.0,2.0,,,0 days 00:00:24.087000,0 days 00:00:24.716000,0 days 00:00:21.240000,0 days 00:24:04.645000,0 days 00:24:29.361000,0 days 00:24:50.601000,288.0,280.0,321.0,329.0,True,SOFT,2.0,True,Alpine,0 days 00:23:40.558000,,1,,False,,False,True
0 days 00:26:26.905000,GAS,10,0 days 00:01:36.304000,6.0,2.0,,0 days 00:26:25.685000,0 days 00:00:32.559000,0 days 00:00:32.373000,0 days 00:00:31.372000,0 days 00:25:23.160000,0 days 00:25:55.533000,0 days 00:26:26.905000,236.0,221.0,,278.0,False,SOFT,3.0,True,Alpine,0 days 00:24:50.601000,,1,,False,,False,False
0 days 00:30:43.755000,GAS,10,,7.0,3.0,0 days 00:28:49.620000,,,0 days 00:00:32.702000,0 days 00:00:23.363000,,0 days 00:30:20.431000,0 days 00:30:43.931000,270.0,257.0,320.0,,False,SOFT,1.0,True,Alpine,0 days 00:26:26.905000,,1,,False,,False,False
0 days 00:31:53.649000,GAS,10,0 days 00:01:09.894000,8.0,3.0,,,0 days 00:00:24.045000,0 days 00:00:24.699000,0 days 00:00:21.150000,0 days 00:31:07.800000,0 days 00:31:32.499000,0 days 00:31:53.649000,290.0,280.0,321.0,329.0,True,SOFT,2.0,True,Alpine,0 days 00:30:43.755000,,1,,False,,False,True
0 days 00:33:36.409000,GAS,10,0 days 00:01:42.760000,9.0,3.0,,0 days 00:33:35.082000,0 days 00:00:39.400000,0 days 00:00:31.197000,0 days 00:00:32.163000,0 days 00:32:33.049000,0 days 00:33:04.246000,0 days 00:33:36.409000,251.0,252.0,,184.0,False,SOFT,3.0,True,Alpine,0 days 00:31:53.649000,,1,,False,,False,False
0 days 00:44:54.097000,GAS,10,,10.0,4.0,0 days 00:42:47.776000,,,0 days 00:00:29.461000,0 days 00:00:28.057000,,0 days 00:44:26.206000,0 days 00:44:54.209000,270.0,254.0,319.0,,False,SOFT,4.0,False,Alpine,0 days 00:33:36.409000,,12,,False,,False,False
0 days 00:46:04.334000,GAS,10,0 days 00:01:10.237000,11.0,4.0,,,0 days 00:00:24.196000,0 days 00:00:24.833000,0 days 00:00:21.208000,0 days 00:45:18.293000,0 days 00:45:43.126000,0 days 00:46:04.334000,290.0,282.0,320.0,328.0,True,SOFT,5.0,False,Alpine,0 days 00:44:54.097000,,1,,False,,False,True
0 days 00:47:41.564000,GAS,10,0 days 00:01:37.230000,12.0,4.0,,0 days 00:47:40.300000,0 days 00:00:34.160000,0 days 00:00:32.725000,0 days 00:00:30.345000,0 days 00:46:38.494000,0 days 00:47:11.219000,0 days 00:47:41.564000,108.0,241.0,,266.0,False,SOFT,6.0,False,Alpine,0 days 00:46:04.334000,,1,,False,,False,False
0 days 00:52:40.007000,GAS,10,,13.0,5.0,0 days 00:50:33.718000,,,0 days 00:00:30.753000,0 days 00:00:26.732000,,0 days 00:52:13.342000,0 days 00:52:40.147000,271.0,256.0,320.0,,False,SOFT,1.0,True,Alpine,0 days 00:47:41.564000,,1,,False,,False,False
0 days 00:53:49.644000,GAS,10,0 days 00:01:09.637000,14.0,5.0,,,0 days 00:00:24.138000,0 days 00:00:24.540000,0 days 00:00:20.959000,0 days 00:53:04.145000,0 days 00:53:28.685000,0 days 00:53:49.644000,289.0,281.0,321.0,329.0,True,SOFT,2.0,True,Alpine,0 days 00:52:40.007000,,1,,False,,False,True
0 days 00:55:35.417000,GAS,10,0 days 00:01:45.773000,15.0,5.0,,0 days 00:55:32.297000,0 days 00:00:32.323000,0 days 00:00:41.618000,0 days 00:00:31.832000,0 days 00:54:21.967000,0 days 00:55:03.585000,0 days 00:55:35.417000,228.0,250.0,,276.0,False,SOFT,3.0,True,Alpine,0 days 00:53:49.644000,,1,,False,,False,False
0 days 00:22:53.303000,ALB,23,,1.0,1.0,0 days 00:21:05.201000,,,0 days 00:00:32.316000,0 days 00:00:23.423000,,0 days 00:22:29.888000,0 days 00:22:53.303000,280.0,255.0,319.0,,False,SOFT,1.0,True,Williams,0 days 00:21:05.201000,,1,,False,,False,False
0 days 00:24:03.726000,ALB,23,0 days 00:01:10.423000,2.0,1.0,,,0 days 00:00:23.873000,0 days 00:00:25.202000,0 days 00:00:21.348000,0 days 00:23:17.176000,0 days 00:23:42.378000,0 days 00:24:03.726000,293.0,278.0,320.0,329.0,True,SOFT,2.0,True,Williams,0 days 00:22:53.303000,,1,,False,,False,True
0 days 00:25:36.510000,ALB,23,0 days 00:01:32.784000,3.0,1.0,,0 days 00:25:35.289000,0 days 00:00:31.525000,0 days 00:00:33.365000,0 days 00:00:27.894000,0 days 00:24:35.251000,0 days 00:25:08.616000,0 days 00:25:36.510000,242.0,247.0,,277.0,False,SOFT,3.0,True,Williams,0 days 00:24:03.726000,,1,,False,,False,False
0 days 00:30:30.995000,ALB,23,,4.0,2.0,0 days 00:28:39.861000,,,0 days 00:00:29.497000,0 days 00:00:27.330000,,0 days 00:30:03.665000,0 days 00:30:31.290000,281.0,164.0,321.0,,False,SOFT,1.0,True,Williams,0 days 00:25:36.510000,,1,,False,,False,False
0 days 00:31:40.787000,ALB,23,0 days 00:01:09.792000,5.0,2.0,,,0 days 00:00:23.734000,0 days 00:00:24.916000,0 days 00:00:21.142000,0 days 00:30:54.729000,0 days 00:31:19.645000,0 days 00:31:40.787000,292.0,283.0,322.0,331.0,True,SOFT,2.0,True,Williams,0 days 00:30:30.995000,,1,,False,,False,True
0 days 00:33:23.898000,ALB,23,0 days 00:01:43.111000,6.0,2.0,,0 days 00:33:22.618000,0 days 00:00:40.229000,0 days 00:00:35.054000,0 days 00:00:27.828000,0 days 00:32:21.016000,0 days 00:32:56.070000,0 days 00:33:23.898000,234.0,146.0,,126.0,False,SOFT,3.0,True,Williams,0 days 00:31:40.787000,,1,,False,,False,False
0 days 00:45:09.298000,ALB,23,,7.0,3.0,0 days 00:43:25.690000,,,0 days 00:00:30.264000,0 days 00:00:24.472000,,0 days 00:44:44.940000,0 days 00:45:09.341000,282.0,257.0,320.0,,False,SOFT,1.0,True,Williams,0 days 00:33:23.898000,,12,,False,,False,False
0 days 00:46:18.950000,ALB,23,0 days 00:01:09.652000,8.0,3.0,,,0 days 00:00:23.680000,0 days 00:00:24.935000,0 days 00:00:21.037000,0 days 00:45:32.978000,0 days 00:45:57.913000,0 days 00:46:18.950000,292.0,283.0,325.0,330.0,True,SOFT,2.0,True,Williams,0 days 00:45:09.298000,,1,,False,,False,True
0 days 00:47:55.627000,ALB,23,0 days 00:01:36.677000,9.0,3.0,,0 days 00:47:53.347000,0 days 00:00:35.449000,0 days 00:00:32.544000,0 days 00:00:28.684000,0 days 00:46:54.399000,0 days 00:47:26.943000,0 days 00:47:55.627000,142.0,238.0,,257.0,False,SOFT,3.0,True,Williams,0 days 00:46:18.950000,,1,,False,,False,False
0 days 00:53:13.486000,ALB,23,,10.0,4.0,0 days 00:51:28.764000,,,0 days 00:00:28.922000,0 days 00:00:25.172000,,0 days 00:52:48.350000,0 days 00:53:13.739000,274.0,259.0,326.0,,False,SOFT,1.0,True,Williams,0 days 00:47:55.627000,,1,,False,,False,False
0 days 00:54:23.424000,ALB,23,0 days 00:01:09.938000,11.0,4.0,,,0 days 00:00:23.892000,0 days 00:00:25.006000,0 days 00:00:21.040000,0 days 00:53:37.378000,0 days 00:54:02.384000,0 days 00:54:23.424000,293.0,283.0,322.0,334.0,False,SOFT,2.0,True,Williams,0 days 00:53:13.486000,,1,,False,,False,True
0 days 00:55:59.361000,ALB,23,0 days 00:01:35.937000,12.0,4.0,,0 days 00:55:58.107000,0 days 00:00:35.795000,0 days 00:00:30.708000,0 days 00:00:29.434000,0 days 00:54:59.219000,0 days 00:55:29.927000,0 days 00:55:59.361000,169.0,172.0,,304.0,False,SOFT,3.0,True,Williams,0 days 00:54:23.424000,,1,,False,,False,False
0 days 00:16:30.972000,COL,43,,1.0,1.0,0 days 00:14:43.389000,,,0 days 00:00:29.487000,0 days 00:00:24.081000,,0 days 00:16:07.065000,0 days 00:16:30.972000,267.0,252.0,318.0,,False,SOFT,1.0,True,Alpine,0 days 00:14:43.389000,,1,,False,,False,False
0 days 00:17:42.104000,COL,43,0 days 00:01:11.132000,2.0,1.0,,,0 days 00:00:24.463000,0 days 00:00:25.173000,0 days 00:00:21.496000,0 days 00:16:55.435000,0 days 00:17:20.608000,0 days 00:17:42.104000,289.0,281.0,320.0,328.0,True,SOFT,2.0,True,Alpine,0 days 00:16:30.972000,,1,,False,,False,True
0 days 00:19:19.145000,COL,43,0 days 00:01:37.041000,3.0,1.0,,0 days 00:19:17.959000,0 days 00:00:30.478000,0 days 00:00:32.411000,0 days 00:00:34.152000,0 days 00:18:12.582000,0 days 00:18:44.993000,0 days 00:19:19.145000,260.0,229.0,,229.0,False,SOFT,3.0,True,Alpine,0 days 00:17:42.104000,,12,,False,,False,False
0 days 00:23:48.186000,COL,43,,4.0,2.0,0 days 00:22:01.404000,,,0 days 00:00:32.171000,0 days 00:00:23.170000,,0 days 00:23:25.061000,0 days 00:23:48.373000,273.0,259.0,321.0,,False,SOFT,1.0,True,Alpine,0 days 00:19:19.145000,,1,,False,,False,False
0 days 00:24:58.747000,COL,43,0 days 00:01:10.561000,5.0,2.0,,,0 days 00:00:24.230000,0 days 00:00:24.978000,0 days 00:00:21.353000,0 days 00:24:12.416000,0 days 00:24:37.394000,0 days 00:24:58.747000,289.0,283.0,322.0,331.0,True,SOFT,2.0,True,Alpine,0 days 00:23:48.186000,,1,,False,,False,True
0 days 00:26:30.601000,COL,43,0 days 00:01:31.854000,6.0,2.0,,0 days 00:26:29.263000,0 days 00:00:30.181000,0 days 00:00:32.757000,0 days 00:00:28.916000,0 days 00:25:28.928000,0 days 00:26:01.685000,0 days 00:26:30.601000,199.0,237.0,,236.0,False,SOFT,3.0,True,Alpine,0 days 00:24:58.747000,,1,,False,,False,False
0 days 00:31:47.404000,COL,43,,7.0,3.0,0 days 00:29:48.868000,,,0 days 00:00:31.698000,0 days 00:00:25.431000,,0 days 00:31:21.973000,0 days 00:31:47.566000,272.0,258.0,323.0,,False,SOFT,1.0,True,Alpine,0 days 00:26:30.601000,,1,,False,,False,False
0 days 00:32:57.508000,COL,43,0 days 00:01:10.104000,8.0,3.0,,,0 days 00:00:24.036000,0 days 00:00:24.749000,0 days 00:00:21.319000,0 days 00:32:11.440000,0 days 00:32:36.189000,0 days 00:32:57.508000,291.0,282.0,323.0,330.0,True,SOFT,2.0,True,Alpine,0 days 00:31:47.404000,,1,,False,,False,True
0 days 00:34:35.348000,COL,43,0 days 00:01:37.840000,9.0,3.0,,0 days 00:34:32.538000,0 days 00:00:34.164000,0 days 00:00:31.305000,0 days 00:00:32.371000,0 days 00:33:31.672000,0 days 00:34:02.977000,0 days 00:34:35.348000,197.0,207.0,,240.0,False,SOFT,3.0,True,Alpine,0 days 00:32:57.508000,,1,,False,,False,False
0 days 00:16:48.942000,HUL,27,,1.0,1.0,0 days 00:15:14.262000,,,0 days 00:00:30.980000,0 days 00:00:23.940000,,0 days 00:16:25.050000,0 days 00:16:48.981000,239.0,253.0,316.0,,False,SOFT,1.0,True,Kick Sauber,0 days 00:15:14.262000,,1,,False,,False,False
0 days 00:17:59.807000,HUL,27,0 days 00:01:10.865000,2.0,1.0,,,0 days 00:00:24.386000,0 days 00:00:25.034000,0 days 00:00:21.445000,0 days 00:17:13.328000,0 days 00:17:38.362000,0 days 00:17:59.807000,288.0,282.0,319.0,326.0,True,SOFT,2.0,True,Kick Sauber,0 days 00:16:48.942000,,1,,False,,False,True
0 days 00:19:32.581000,HUL,27,0 days 00:01:32.774000,3.0,1.0,,0 days 00:19:31.357000,0 days 00:00:29.171000,0 days 00:00:31.396000,0 days 00:00:32.207000,0 days 00:18:28.978000,0 days 00:19:00.374000,0 days 00:19:32.581000,234.0,224.0,,256.0,False,SOFT,3.0,True,Kick Sauber,0 days 00:17:59.807000,,12,,False,,False,False
0 days 00:23:22.213000,HUL,27,,4.0,2.0,0 days 00:21:24.029000,,,0 days 00:00:30.948000,0 days 00:00:27.901000,,0 days 00:22:54.325000,0 days 00:23:22.326000,257.0,267.0,323.0,,False,SOFT,1.0,True,Kick Sauber,0 days 00:19:32.581000,,1,,False,,False,False
0 days 00:24:32.408000,HUL,27,0 days 00:01:10.195000,5.0,2.0,,,0 days 00:00:24.091000,0 days 00:00:24.869000,0 days 00:00:21.235000,0 days 00:23:46.304000,0 days 00:24:11.173000,0 days 00:24:32.408000,289.0,282.0,322.0,332.0,True,SOFT,2.0,True,Kick Sauber,0 days 00:23:22.213000,,1,,False,,False,True
0 days 00:25:57.915000,HUL,27,0 days 00:01:25.507000,6.0,2.0,,0 days 00:25:56.695000,0 days 00:00:27.695000,0 days 00:00:29.676000,0 days 00:00:28.136000,0 days 00:25:00.103000,0 days 00:25:29.779000,0 days 00:25:57.915000,267.0,245.0,,276.0,False,SOFT,3.0,True,Kick Sauber,0 days 00:24:32.408000,,1,,False,,False,False
0 days 00:32:07.213000,HUL,27,,7.0,3.0,0 days 00:30:35.899000,,,0 days 00:00:31.635000,0 days 00:00:30.051000,,0 days 00:31:37.192000,0 days 00:32:07.337000,249.0,265.0,318.0,,False,SOFT,1.0,True,Kick Sauber,0 days 00:25:57.915000,,1,,False,,False,False
0 days 00:33:17.474000,HUL,27,0 days 00:01:10.261000,8.0,3.0,,,0 days 00:00:24.077000,0 days 00:00:24.851000,0 days 00:00:21.333000,0 days 00:32:31.290000,0 days 00:32:56.141000,0 days 00:33:17.474000,288.0,281.0,320.0,328.0,False,SOFT,2.0,True,Kick Sauber,0 days 00:32:07.213000,,1,,False,,False,True
0 days 00:34:56.124000,HUL,27,0 days 00:01:38.650000,9.0,3.0,,0 days 00:34:54.863000,0 days 00:00:34.929000,0 days 00:00:31.863000,0 days 00:00:31.858000,0 days 00:33:52.403000,0 days 00:34:24.266000,0 days 00:34:56.124000,208.0,188.0,,235.0,False,SOFT,3.0,True,Kick Sauber,0 days 00:33:17.474000,,12,,False,,False,False
0 days 00:16:12.315000,OCO,31,,1.0,1.0,0 days 00:14:35.918000,,,0 days 00:00:31.814000,0 days 00:00:24.934000,,0 days 00:15:47.487000,0 days 00:16:12.315000,240.0,253.0,314.0,,False,SOFT,1.0,True,Haas F1 Team,0 days 00:14:35.918000,,1,,False,,False,False
0 days 00:17:23.498000,OCO,31,0 days 00:01:11.183000,2.0,1.0,,,0 days 00:00:24.506000,0 days 00:00:25.214000,0 days 00:00:21.463000,0 days 00:16:36.821000,0 days 00:17:02.035000,0 days 00:17:23.498000,285.0,279.0,315.0,324.0,True,SOFT,2.0,True,Haas F1 Team,0 days 00:16:12.315000,,1,,False,,False,True
0 days 00:19:05.625000,OCO,31,0 days 00:01:42.127000,3.0,1.0,,0 days 00:19:04.254000,0 days 00:00:32,0 days 00:00:31.102000,0 days 00:00:39.025000,0 days 00:17:55.498000,0 days 00:18:26.600000,0 days 00:19:05.625000,227.0,237.0,,244.0,False,SOFT,3.0,True,Haas F1 Team,0 days 00:17:23.498000,,12,,False,,False,False
0 days 00:23:03.337000,OCO,31,,4.0,2.0,0 days 00:21:10.216000,,,0 days 00:00:32.069000,0 days 00:00:24.099000,,0 days 00:22:39.263000,0 days 00:23:03.538000,258.0,254.0,316.0,,False,SOFT,1.0,True,Haas F1 Team,0 days 00:19:05.625000,,1,,False,,False,False
0 days 00:24:13.980000,OCO,31,0 days 00:01:10.643000,5.0,2.0,,,0 days 00:00:24.302000,0 days 00:00:25.045000,0 days 00:00:21.296000,0 days 00:23:27.639000,0 days 00:23:52.684000,0 days 00:24:13.980000,286.0,280.0,314.0,326.0,True,SOFT,2.0,True,Haas F1 Team,0 days 00:23:03.337000,,1,,False,,False,True
0 days 00:25:52.078000,OCO,31,0 days 00:01:38.098000,6.0,2.0,,0 days 00:25:49.039000,0 days 00:00:31.631000,0 days 00:00:33.110000,0 days 00:00:33.357000,0 days 00:24:45.611000,0 days 00:25:18.721000,0 days 00:25:52.078000,225.0,237.0,,261.0,False,SOFT,3.0,True,Haas F1 Team,0 days 00:24:13.980000,,1,,False,,False,False
0 days 00:31:42.178000,OCO,31,,7.0,3.0,0 days 00:29:41.915000,,,0 days 00:00:32.488000,0 days 00:00:27.175000,,0 days 00:31:15.024000,0 days 00:31:42.369000,265.0,253.0,320.0,,False,SOFT,1.0,True,Haas F1 Team,0 days 00:25:52.078000,,1,,False,,False,False
0 days 00:32:52.375000,OCO,31,0 days 00:01:10.197000,8.0,3.0,,,0 days 00:00:24.031000,0 days 00:00:24.848000,0 days 00:00:21.318000,0 days 00:32:06.209000,0 days 00:32:31.057000,0 days 00:32:52.375000,287.0,281.0,317.0,328.0,True,SOFT,2.0,True,Haas F1 Team,0 days 00:31:42.178000,,1,,False,,False,True
0 days 00:34:26.983000,OCO,31,0 days 00:01:34.608000,9.0,3.0,,0 days 00:34:25.691000,0 days 00:00:31.285000,0 days 00:00:31.265000,0 days 00:00:32.058000,0 days 00:33:23.660000,0 days 00:33:54.925000,0 days 00:34:26.983000,222.0,204.0,,288.0,False,SOFT,3.0,True,Haas F1 Team,0 days 00:32:52.375000,,1,,False,,False,False
0 days 00:16:40.106000,BEA,87,,1.0,1.0,0 days 00:14:51.264000,,,0 days 00:00:31.602000,0 days 00:00:23.454000,,0 days 00:16:16.706000,0 days 00:16:40.153000,247.0,249.0,314.0,,False,SOFT,1.0,True,Haas F1 Team,0 days 00:14:51.264000,,1,,False,,False,False
0 days 00:17:50.368000,BEA,87,0 days 00:01:10.262000,2.0,1.0,,,0 days 00:00:24.156000,0 days 00:00:24.935000,0 days 00:00:21.171000,0 days 00:17:04.262000,0 days 00:17:29.197000,0 days 00:17:50.368000,286.0,280.0,317.0,322.0,True,SOFT,2.0,True,Haas F1 Team,0 days 00:16:40.106000,,1,,False,,False,True
0 days 00:19:27.025000,BEA,87,0 days 00:01:36.657000,3.0,1.0,,0 days 00:19:25.812000,0 days 00:00:30.300000,0 days 00:00:33.877000,0 days 00:00:32.480000,0 days 00:18:20.668000,0 days 00:18:54.545000,0 days 00:19:27.025000,208.0,230.0,,260.0,False,SOFT,3.0,True,Haas F1 Team,0 days 00:17:50.368000,,12,,False,,False,False
0 days 00:23:15.363000,BEA,87,,4.0,2.0,0 days 00:21:19.388000,,,0 days 00:00:33.811000,0 days 00:00:23.917000,,0 days 00:22:51.587000,0 days 00:23:15.451000,163.0,254.0,315.0,,False,SOFT,4.0,False,Haas F1 Team,0 days 00:19:27.025000,,1,,False,,False,False
0 days 00:24:25.787000,BEA,87,0 days 00:01:10.424000,5.0,2.0,,,0 days 00:00:24.260000,0 days 00:00:24.969000,0 days 00:00:21.195000,0 days 00:23:39.623000,0 days 00:24:04.592000,0 days 00:24:25.787000,286.0,282.0,318.0,325.0,False,SOFT,5.0,False,Haas F1 Team,0 days 00:23:15.363000,,1,,False,,False,True
0 days 00:25:51.831000,BEA,87,0 days 00:01:26.044000,6.0,2.0,,0 days 00:25:50.508000,0 days 00:00:29.370000,0 days 00:00:28.016000,0 days 00:00:28.658000,0 days 00:24:55.157000,0 days 00:25:23.173000,0 days 00:25:51.831000,263.0,253.0,,193.0,False,SOFT,6.0,False,Haas F1 Team,0 days 00:24:25.787000,,1,,False,,False,False
0 days 00:30:12.731000,BEA,87,,7.0,3.0,0 days 00:28:28.691000,,,0 days 00:00:32.081000,0 days 00:00:25.484000,,0 days 00:29:47.274000,0 days 00:30:12.774000,258.0,255.0,317.0,,False,SOFT,1.0,True,Haas F1 Team,0 days 00:25:51.831000,,1,,False,,False,False
0 days 00:31:23.050000,BEA,87,0 days 00:01:10.319000,8.0,3.0,,,0 days 00:00:24.165000,0 days 00:00:24.925000,0 days 00:00:21.229000,0 days 00:30:36.896000,0 days 00:31:01.821000,0 days 00:31:23.050000,287.0,279.0,319.0,326.0,False,SOFT,2.0,True,Haas F1 Team,0 days 00:30:12.731000,,1,,False,,False,True
0 days 00:33:05.926000,BEA,87,0 days 00:01:42.876000,9.0,3.0,,0 days 00:33:01.703000,0 days 00:00:32.158000,0 days 00:00:34.191000,0 days 00:00:36.527000,0 days 00:31:55.208000,0 days 00:32:29.399000,0 days 00:33:05.926000,205.0,160.0,,246.0,False,SOFT,3.0,True,Haas F1 Team,0 days 00:31:23.050000,,1,,False,,False,False
0 days 00:17:29.059000,STR,18,,1.0,1.0,0 days 00:15:51.924000,,,0 days 00:00:34.774000,0 days 00:00:23.407000,,0 days 00:17:05.747000,0 days 00:17:29.059000,155.0,256.0,320.0,,False,SOFT,1.0,True,Aston Martin,0 days 00:15:51.924000,,1,,False,,False,False
0 days 00:19:01.105000,STR,18,0 days 00:01:32.046000,2.0,1.0,,0 days 00:18:59.912000,0 days 00:00:24.407000,0 days 00:00:25.053000,0 days 00:00:42.586000,0 days 00:17:53.466000,0 days 00:18:18.519000,0 days 00:19:01.105000,290.0,281.0,,330.0,False,SOFT,2.0,True,Aston Martin,0 days 00:17:29.059000,,12,,False,,False,False
